CODE	Label - English	Label - French	Label - German	Standard code	Note (EN only)	EC_corporate_code	EC_corporate_uri
BE	Belgium	Belgique	Belgien	Y			
BE001C	Bruxelles/Brussel (greater city)	Bruxelles/Brussel (greater city)	Bruxelles/Brussel (greater city)	Y			
BE001F	Bruxelles/Brussel/Leuven	Bruxelles/Brussel/Leuven	Bruxelles/Brussel/Leuven	Y			
BE002C	Antwerpen (greater city)	Antwerpen (greater city)	Antwerpen (greater city)	Y			
BE002F	Antwerpen	Antwerpen	Antwerpen	Y			
BE003C	Gent	Gent	Gent	Y			
BE003F	Gent	Gent	Gent	Y			
BE004C	Charleroi (greater city)	Charleroi (greater city)	Charleroi (greater city)	Y			
BE004F	Charleroi	Charleroi	Charleroi	Y			
BE005C	Liège (greater city)	Liège (greater city)	Liège (greater city)	Y			
BE005F	Liège	Liège	Liège	Y			
BE006C	Brugge	Brugge	Brugge	Y			
BE006F	Brugge	Brugge	Brugge	Y			
BE007C	Namur	Namur	Namur	Y			
BE007F	Namur	Namur	Namur	Y			
BE008C	Leuven	Leuven	Leuven	Y			
BE009C	Mons (greater city)	Mons (greater city)	Mons (greater city)	Y			
BE009F	Mons	Mons	Mons	Y			
BE010C	Kortrijk (greater city)	Kortrijk (greater city)	Kortrijk (greater city)	Y			
BE010F	Kortrijk	Kortrijk	Kortrijk	Y			
BE011C	Oostende (greater city)	Oostende (greater city)	Oostende (greater city)	Y			
BE011F	Oostende	Oostende	Oostende	Y			
BE012C	Mechelen	Mechelen	Mechelen	Y			
BE012F	Mechelen	Mechelen	Mechelen	Y			
BE013C	Mouscron	Mouscron	Mouscron	Y			
BE013F	Mouscron	Mouscron	Mouscron	Y			
BE014C	La Louvière (greater city)	La Louvière (greater city)	La Louvière (greater city)	Y			
BE014F	La Louvière	La Louvière	La Louvière	Y			
BE015C	Verviers (greater city)	Verviers (greater city)	Verviers (greater city)	Y			
BE015F	Verviers	Verviers	Verviers	Y			
BG	Bulgaria	Bulgarie	Bulgarien	Y			
BG001C	Sofia	Sofia	Sofia	Y			
BG001F	Sofia	Sofia	Sofia	Y			
BG002C	Plovdiv	Plovdiv	Plovdiv	Y			
BG002F	Plovdiv	Plovdiv	Plovdiv	Y			
BG003C	Varna	Varna	Varna	Y			
BG003F	Varna	Varna	Varna	Y			
BG004C	Burgas	Burgas	Burgas	Y			
BG004F	Burgas	Burgas	Burgas	Y			
BG005C	Pleven	Pleven	Pleven	Y			
BG005F	Pleven	Pleven	Pleven	Y			
BG006C	Ruse	Ruse	Ruse	Y			
BG006F	Ruse	Ruse	Ruse	Y			
BG007C	Vidin	Vidin	Vidin	Y			
BG007F	Vidin	Vidin	Vidin	Y			
BG008C	Stara Zagora	Stara Zagora	Stara Zagora	Y			
BG008F	Stara Zagora	Stara Zagora	Stara Zagora	Y			
BG009C	Sliven	Sliven	Sliven	Y			
BG009F	Sliven	Sliven	Sliven	Y			
BG010C	Dobrich	Dobrich	Dobrich	Y			
BG010F	Dobrich	Dobrich	Dobrich	Y			
BG011C	Shumen	Shumen	Shumen	Y			
BG011F	Shumen	Shumen	Shumen	Y			
BG012C	Pernik	Pernik	Pernik	Y			
BG013C	Yambol	Yambol	Yambol	Y			
BG013F	Yambol	Yambol	Yambol	Y			
BG014C	Haskovo	Haskovo	Haskovo	Y			
BG014F	Haskovo	Haskovo	Haskovo	Y			
BG015C	Pazardzhik	Pazardzhik	Pazardzhik	Y			
BG015F	Pazardzhik	Pazardzhik	Pazardzhik	Y			
BG016C	Blagoevgrad	Blagoevgrad	Blagoevgrad	Y			
BG016F	Blagoevgrad	Blagoevgrad	Blagoevgrad	Y			
BG017C	Veliko Tarnovo	Veliko Tarnovo	Veliko Tarnovo	Y			
BG017F	Veliko Tarnovo	Veliko Tarnovo	Veliko Tarnovo	Y			
BG018C	Vratsa	Vratsa	Vratsa	Y			
BG018F	Vratsa	Vratsa	Vratsa	Y			
CZ	Czechia	Tchéquie	Tschechien	Y			
CZ001C	Praha	Praha	Praha	Y			
CZ001F	Praha	Praha	Praha	Y			
CZ002C	Brno	Brno	Brno	Y			
CZ002F	Brno	Brno	Brno	Y			
CZ003C	Ostrava	Ostrava	Ostrava	Y			
CZ003F	Ostrava	Ostrava	Ostrava	Y			
CZ004C	Plzeň	Plzeň	Plzeň	Y			
CZ004F	Plzen	Plzen	Plzen	Y			
CZ005C	Ústí nad Labem	Ústí nad Labem	Ústí nad Labem	Y			
CZ005F	Ústí nad Labem	Ústí nad Labem	Ústí nad Labem	Y			
CZ006C	Olomouc	Olomouc	Olomouc	Y			
CZ006F	Olomouc	Olomouc	Olomouc	Y			
CZ007C	Liberec (greater city)	Liberec (greater city)	Liberec (greater city)	Y			
CZ007F	Liberec	Liberec	Liberec	Y			
CZ008C	České Budějovice	České Budějovice	České Budějovice	Y			
CZ008F	Ceské Budejovice	Ceské Budejovice	Ceské Budejovice	Y			
CZ009C	Hradec Králové	Hradec Králové	Hradec Králové	Y			
CZ009F	Hradec Králové	Hradec Králové	Hradec Králové	Y			
CZ010C	Pardubice	Pardubice	Pardubice	Y			
CZ010F	Pardubice	Pardubice	Pardubice	Y			
CZ011C	Zlín	Zlín	Zlín	Y			
CZ011F	Zlín	Zlín	Zlín	Y			
CZ012C	Kladno	Kladno	Kladno	Y			
CZ013C	Karlovy Vary	Karlovy Vary	Karlovy Vary	Y			
CZ013F	Karlovy Vary	Karlovy Vary	Karlovy Vary	Y			
CZ014C	Jihlava	Jihlava	Jihlava	Y			
CZ014F	Jihlava	Jihlava	Jihlava	Y			
CZ015C	Havířov	Havířov	Havířov	Y			
CZ016C	Most	Most	Most	Y			
CZ016F	Most	Most	Most	Y			
CZ017C	Karviná	Karviná	Karviná	Y			
CZ018C	Chomutov-Jirkov (greater city)	Chomutov-Jirkov (greater city)	Chomutov-Jirkov (greater city)	Y			
CZ018F	Chomutov	Chomutov	Chomutov	Y			
DK	Denmark	Danemark	Dänemark	Y			
DK001C	København (greater city)	København (greater city)	København (greater city)	Y			
DK001C1	København	København	København	Y			
DK001F	København	København	København	Y			
DK002C	Århus	Århus	Århus	Y			
DK002F	Århus	Århus	Århus	Y			
DK003C	Odense	Odense	Odense	Y			
DK003F	Odense	Odense	Odense	Y			
DK004C	Aalborg	Aalborg	Aalborg	Y			
DK004F	Aalborg	Aalborg	Aalborg	Y			
DE	Germany	Allemagne	Deutschland	Y			
DE001C	Berlin	Berlin	Berlin	Y			
DE001F	Berlin	Berlin	Berlin	Y			
DE002C	Hamburg	Hamburg	Hamburg	Y			
DE002F	Hamburg	Hamburg	Hamburg	Y			
DE003C	München	München	München	Y			
DE003F	München	München	München	Y			
DE004C	Köln	Köln	Köln	Y			
DE004F	Köln	Köln	Köln	Y			
DE005C	Frankfurt am Main	Frankfurt am Main	Frankfurt am Main	Y			
DE005F	Frankfurt am Main	Frankfurt am Main	Frankfurt am Main	Y			
DE006C	Essen	Essen	Essen	Y			
DE006F	Ruhrgebiet	Ruhrgebiet	Ruhrgebiet	Y			
DE007C	Stuttgart	Stuttgart	Stuttgart	Y			
DE007F	Stuttgart	Stuttgart	Stuttgart	Y			
DE008C	Leipzig	Leipzig	Leipzig	Y			
DE008F	Leipzig	Leipzig	Leipzig	Y			
DE009C	Dresden	Dresden	Dresden	Y			
DE009F	Dresden	Dresden	Dresden	Y			
DE010C	Dortmund	Dortmund	Dortmund	Y			
DE010F	Dortmund	Dortmund	Dortmund	Y			
DE011C	Düsseldorf	Düsseldorf	Düsseldorf	Y			
DE011F	Düsseldorf	Düsseldorf	Düsseldorf	Y			
DE012C	Bremen	Bremen	Bremen	Y			
DE012F	Bremen	Bremen	Bremen	Y			
DE013C	Hannover	Hannover	Hannover	Y			
DE013F	Hannover	Hannover	Hannover	Y			
DE014C	Nürnberg	Nürnberg	Nürnberg	Y			
DE014F	Nürnberg	Nürnberg	Nürnberg	Y			
DE015C	Bochum	Bochum	Bochum	Y			
DE015F	Bochum	Bochum	Bochum	Y			
DE016C	Bielefeld	Bielefeld	Bielefeld	Y			
DE016F	Bielefeld	Bielefeld	Bielefeld	Y			
DE017C	Halle an der Saale	Halle an der Saale	Halle an der Saale	Y			
DE017F	Halle an der Saale	Halle an der Saale	Halle an der Saale	Y			
DE018C	Magdeburg	Magdeburg	Magdeburg	Y			
DE018F	Magdeburg	Magdeburg	Magdeburg	Y			
DE019C	Wiesbaden	Wiesbaden	Wiesbaden	Y			
DE019F	Wiesbaden	Wiesbaden	Wiesbaden	Y			
DE020C	Göttingen	Göttingen	Göttingen	Y			
DE020F	Göttingen	Göttingen	Göttingen	Y			
DE021C	Mülheim a.d.Ruhr	Mülheim a.d.Ruhr	Mülheim a.d.Ruhr	Y			
DE022C	Moers	Moers	Moers	Y			
DE023C	Darmstadt	Darmstadt	Darmstadt	Y			
DE023F	Darmstadt	Darmstadt	Darmstadt	Y			
DE024C	Trier	Trier	Trier	Y			
DE024F	Trier	Trier	Trier	Y			
DE025C	Freiburg im Breisgau	Freiburg im Breisgau	Freiburg im Breisgau	Y			
DE025F	Freiburg im Breisgau	Freiburg im Breisgau	Freiburg im Breisgau	Y			
DE026C	Regensburg	Regensburg	Regensburg	Y			
DE026F	Regensburg	Regensburg	Regensburg	Y			
DE027C	Frankfurt (Oder)	Frankfurt (Oder)	Frankfurt (Oder)	Y			
DE027F	Frankfurt (Oder)	Frankfurt (Oder)	Frankfurt (Oder)	Y			
DE028C	Weimar	Weimar	Weimar	Y			
DE028F	Weimar	Weimar	Weimar	Y			
DE029C	Schwerin	Schwerin	Schwerin	Y			
DE029F	Schwerin	Schwerin	Schwerin	Y			
DE030C	Erfurt	Erfurt	Erfurt	Y			
DE030F	Erfurt	Erfurt	Erfurt	Y			
DE031C	Augsburg	Augsburg	Augsburg	Y			
DE031F	Augsburg	Augsburg	Augsburg	Y			
DE032C	Bonn	Bonn	Bonn	Y			
DE032F	Bonn	Bonn	Bonn	Y			
DE033C	Karlsruhe	Karlsruhe	Karlsruhe	Y			
DE033F	Karlsruhe	Karlsruhe	Karlsruhe	Y			
DE034C	Mönchengladbach	Mönchengladbach	Mönchengladbach	Y			
DE034F	Mönchengladbach	Mönchengladbach	Mönchengladbach	Y			
DE035C	Mainz	Mainz	Mainz	Y			
DE035F	Mainz	Mainz	Mainz	Y			
DE036C	Kiel	Kiel	Kiel	Y			
DE036F	Kiel	Kiel	Kiel	Y			
DE037C	Saarbrücken	Saarbrücken	Saarbrücken	Y			
DE037F	Saarbrücken	Saarbrücken	Saarbrücken	Y			
DE038C	Potsdam	Potsdam	Potsdam	Y			
DE039C	Koblenz	Koblenz	Koblenz	Y			
DE039F	Koblenz	Koblenz	Koblenz	Y			
DE040C	Rostock	Rostock	Rostock	Y			
DE040F	Rostock	Rostock	Rostock	Y			
DE041C	Kaiserslautern	Kaiserslautern	Kaiserslautern	Y			
DE041F	Kaiserslautern	Kaiserslautern	Kaiserslautern	Y			
DE042C	Iserlohn	Iserlohn	Iserlohn	Y			
DE042F	Iserlohn	Iserlohn	Iserlohn	Y			
DE043C	Esslingen am Neckar (greater city)	Esslingen am Neckar (greater city)	Esslingen am Neckar (greater city)	Y			
DE044C	Hanau	Hanau	Hanau	Y			
DE045C	Wilhelmshaven	Wilhelmshaven	Wilhelmshaven	Y			
DE045F	Wilhelmshaven	Wilhelmshaven	Wilhelmshaven	Y			
DE046C	Ludwigsburg (greater city)	Ludwigsburg (greater city)	Ludwigsburg (greater city)	Y			
DE047C	Tübingen	Tübingen	Tübingen	Y			
DE047F	Tübingen	Tübingen	Tübingen	Y			
DE048C	Villingen-Schwenningen	Villingen-Schwenningen	Villingen-Schwenningen	Y			
DE048F	Villingen-Schwenningen	Villingen-Schwenningen	Villingen-Schwenningen	Y			
DE049C	Flensburg	Flensburg	Flensburg	Y			
DE049F	Flensburg	Flensburg	Flensburg	Y			
DE050C	Marburg	Marburg	Marburg	Y			
DE050F	Marburg	Marburg	Marburg	Y			
DE051C	Konstanz	Konstanz	Konstanz	Y			
DE051F	Konstanz	Konstanz	Konstanz	Y			
DE052C	Neumünster	Neumünster	Neumünster	Y			
DE052F	Neumünster	Neumünster	Neumünster	Y			
DE053C	Brandenburg an der Havel	Brandenburg an der Havel	Brandenburg an der Havel	Y			
DE053F	Brandenburg an der Havel	Brandenburg an der Havel	Brandenburg an der Havel	Y			
DE054C	Gießen	Gießen	Gießen	Y			
DE054F	Gießen	Gießen	Gießen	Y			
DE055C	Lüneburg	Lüneburg	Lüneburg	Y			
DE056C	Bayreuth	Bayreuth	Bayreuth	Y			
DE056F	Bayreuth	Bayreuth	Bayreuth	Y			
DE057C	Celle	Celle	Celle	Y			
DE057F	Celle	Celle	Celle	Y			
DE058C	Aschaffenburg	Aschaffenburg	Aschaffenburg	Y			
DE058F	Aschaffenburg	Aschaffenburg	Aschaffenburg	Y			
DE059C	Bamberg	Bamberg	Bamberg	Y			
DE059F	Bamberg	Bamberg	Bamberg	Y			
DE060C	Plauen	Plauen	Plauen	Y			
DE060F	Plauen	Plauen	Plauen	Y			
DE061C	Neubrandenburg	Neubrandenburg	Neubrandenburg	Y			
DE061F	Neubrandenburg	Neubrandenburg	Neubrandenburg	Y			
DE062C	Fulda	Fulda	Fulda	Y			
DE062F	Fulda	Fulda	Fulda	Y			
DE063C	Kempten (Allgäu)	Kempten (Allgäu)	Kempten (Allgäu)	Y			
DE063F	Kempten (Allgäu)	Kempten (Allgäu)	Kempten (Allgäu)	Y			
DE064C	Landshut	Landshut	Landshut	Y			
DE064F	Landshut	Landshut	Landshut	Y			
DE065C	Sindelfingen	Sindelfingen	Sindelfingen	Y			
DE066C	Rosenheim	Rosenheim	Rosenheim	Y			
DE066F	Rosenheim	Rosenheim	Rosenheim	Y			
DE067C	Frankenthal (Pfalz)	Frankenthal (Pfalz)	Frankenthal (Pfalz)	Y			
DE068C	Stralsund	Stralsund	Stralsund	Y			
DE068F	Stralsund	Stralsund	Stralsund	Y			
DE069C	Friedrichshafen	Friedrichshafen	Friedrichshafen	Y			
DE069F	Friedrichshafen	Friedrichshafen	Friedrichshafen	Y			
DE070C	Offenburg	Offenburg	Offenburg	Y			
DE070F	Offenburg	Offenburg	Offenburg	Y			
DE071C	Görlitz	Görlitz	Görlitz	Y			
DE071F	Görlitz	Görlitz	Görlitz	Y			
DE072C	Sankt Augustin	Sankt Augustin	Sankt Augustin	Y			
DE073C	Neu-Ulm	Neu-Ulm	Neu-Ulm	Y			
DE074C	Schweinfurt	Schweinfurt	Schweinfurt	Y			
DE074F	Schweinfurt	Schweinfurt	Schweinfurt	Y			
DE075C	Greifswald	Greifswald	Greifswald	Y			
DE075F	Greifswald	Greifswald	Greifswald	Y			
DE076C	Wetzlar	Wetzlar	Wetzlar	Y			
DE076F	Wetzlar	Wetzlar	Wetzlar	Y			
DE077C	Speyer	Speyer	Speyer	Y			
DE077F	Speyer	Speyer	Speyer	Y			
DE078C	Passau	Passau	Passau	Y			
DE078F	Passau	Passau	Passau	Y			
DE079C	Dessau-Roßlau	Dessau-Roßlau	Dessau-Roßlau	Y			
DE079F	Dessau-Roßlau	Dessau-Roßlau	Dessau-Roßlau	Y			
DE080C	Duisburg	Duisburg	Duisburg	Y			
DE080F	Duisburg	Duisburg	Duisburg	Y			
DE081C	Mannheim	Mannheim	Mannheim	Y			
DE081F	Mannheim-Ludwigshafen	Mannheim-Ludwigshafen	Mannheim-Ludwigshafen	Y			
DE082C	Gelsenkirchen	Gelsenkirchen	Gelsenkirchen	Y			
DE083C	Münster	Münster	Münster	Y			
DE083F	Münster	Münster	Münster	Y			
DE084C	Chemnitz	Chemnitz	Chemnitz	Y			
DE084F	Chemnitz	Chemnitz	Chemnitz	Y			
DE085C	Braunschweig	Braunschweig	Braunschweig	Y			
DE085F	Braunschweig-Salzgitter	Braunschweig-Salzgitter	Braunschweig-Salzgitter	Y			
DE086C	Aachen	Aachen	Aachen	Y			
DE086F	Aachen	Aachen	Aachen	Y			
DE087C	Krefeld	Krefeld	Krefeld	Y			
DE087F	Krefeld	Krefeld	Krefeld	Y			
DE088C	Oberhausen	Oberhausen	Oberhausen	Y			
DE089C	Lübeck	Lübeck	Lübeck	Y			
DE089F	Lübeck	Lübeck	Lübeck	Y			
DE090C	Hagen	Hagen	Hagen	Y			
DE090F	Hagen	Hagen	Hagen	Y			
DE091C	Kassel	Kassel	Kassel	Y			
DE091F	Kassel	Kassel	Kassel	Y			
DE092C	Hamm	Hamm	Hamm	Y			
DE092F	Hamm	Hamm	Hamm	Y			
DE093C	Herne	Herne	Herne	Y			
DE094C	Solingen	Solingen	Solingen	Y			
DE094F	Solingen	Solingen	Solingen	Y			
DE095C	Osnabrück	Osnabrück	Osnabrück	Y			
DE095F	Osnabrück	Osnabrück	Osnabrück	Y			
DE096C	Ludwigshafen am Rhein	Ludwigshafen am Rhein	Ludwigshafen am Rhein	Y			
DE097C	Leverkusen	Leverkusen	Leverkusen	Y			
DE098C	Oldenburg (Oldenburg)	Oldenburg (Oldenburg)	Oldenburg (Oldenburg)	Y			
DE098F	Oldenburg (Oldenburg)	Oldenburg (Oldenburg)	Oldenburg (Oldenburg)	Y			
DE099C	Neuss	Neuss	Neuss	Y			
DE100C	Heidelberg	Heidelberg	Heidelberg	Y			
DE100F	Heidelberg	Heidelberg	Heidelberg	Y			
DE101C	Paderborn	Paderborn	Paderborn	Y			
DE101F	Paderborn	Paderborn	Paderborn	Y			
DE102C	Würzburg	Würzburg	Würzburg	Y			
DE102F	Würzburg	Würzburg	Würzburg	Y			
DE103C	Recklinghausen	Recklinghausen	Recklinghausen	Y			
DE104C	Wolfsburg	Wolfsburg	Wolfsburg	Y			
DE104F	Wolfsburg	Wolfsburg	Wolfsburg	Y			
DE105C	Bremerhaven	Bremerhaven	Bremerhaven	Y			
DE105F	Bremerhaven	Bremerhaven	Bremerhaven	Y			
DE106C	Bottrop	Bottrop	Bottrop	Y			
DE107C	Heilbronn	Heilbronn	Heilbronn	Y			
DE107F	Heilbronn	Heilbronn	Heilbronn	Y			
DE108C	Remscheid	Remscheid	Remscheid	Y			
DE108F	Remscheid	Remscheid	Remscheid	Y			
DE109C	Offenbach am Main	Offenbach am Main	Offenbach am Main	Y			
DE110C	Ulm	Ulm	Ulm	Y			
DE110F	Ulm	Ulm	Ulm	Y			
DE111C	Pforzheim	Pforzheim	Pforzheim	Y			
DE111F	Pforzheim	Pforzheim	Pforzheim	Y			
DE112C	Ingolstadt	Ingolstadt	Ingolstadt	Y			
DE112F	Ingolstadt	Ingolstadt	Ingolstadt	Y			
DE113C	Gera	Gera	Gera	Y			
DE113F	Gera	Gera	Gera	Y			
DE114C	Salzgitter	Salzgitter	Salzgitter	Y			
DE115C	Reutlingen	Reutlingen	Reutlingen	Y			
DE115F	Reutlingen	Reutlingen	Reutlingen	Y			
DE116C	Fürth	Fürth	Fürth	Y			
DE117C	Cottbus	Cottbus	Cottbus	Y			
DE117F	Cottbus	Cottbus	Cottbus	Y			
DE118C	Siegen	Siegen	Siegen	Y			
DE118F	Siegen	Siegen	Siegen	Y			
DE119C	Bergisch Gladbach	Bergisch Gladbach	Bergisch Gladbach	Y			
DE120C	Hildesheim	Hildesheim	Hildesheim	Y			
DE120F	Hildesheim	Hildesheim	Hildesheim	Y			
DE121C	Witten	Witten	Witten	Y			
DE122C	Zwickau	Zwickau	Zwickau	Y			
DE122F	Zwickau	Zwickau	Zwickau	Y			
DE123C	Erlangen	Erlangen	Erlangen	Y			
DE123F	Erlangen	Erlangen	Erlangen	Y			
DE124C	Wuppertal	Wuppertal	Wuppertal	Y			
DE124F	Wuppertal	Wuppertal	Wuppertal	Y			
DE125C	Jena	Jena	Jena	Y			
DE125F	Jena	Jena	Jena	Y			
DE126C	Düren	Düren	Düren	Y			
DE126F	Düren	Düren	Düren	Y			
DE127C	Bocholt	Bocholt	Bocholt	Y			
DE127F	Bocholt	Bocholt	Bocholt	Y			
DE128C	Elmshorn	Elmshorn	Elmshorn	Y			
DE129C	Norderstedt	Norderstedt	Norderstedt	Y			
DE130C	Delmenhorst	Delmenhorst	Delmenhorst	Y			
DE131C	Hilden	Hilden	Hilden	Y			
DE132C	Langenfeld (Rheinland)	Langenfeld (Rheinland)	Langenfeld (Rheinland)	Y			
DE133C	Ratingen	Ratingen	Ratingen	Y			
DE134C	Dinslaken	Dinslaken	Dinslaken	Y			
DE135C	Herzogenrath	Herzogenrath	Herzogenrath	Y			
DE136C	Troisdorf (greater city)	Troisdorf (greater city)	Troisdorf (greater city)	Y			
DE137C	Castrop-Rauxel	Castrop-Rauxel	Castrop-Rauxel	Y			
DE138C	Gladbeck	Gladbeck	Gladbeck	Y			
DE139C	Herten	Herten	Herten	Y			
DE140C	Marl	Marl	Marl	Y			
DE141C	Gütersloh	Gütersloh	Gütersloh	Y			
DE141F	Gütersloh	Gütersloh	Gütersloh	Y			
DE142C	Hattingen	Hattingen	Hattingen	Y			
DE143C	Lüdenscheid	Lüdenscheid	Lüdenscheid	Y			
DE143F	Lüdenscheid	Lüdenscheid	Lüdenscheid	Y			
DE144C	Lünen	Lünen	Lünen	Y			
DE145C	Unna	Unna	Unna	Y			
DE146C	Rüsselsheim am Main (greater city)	Rüsselsheim am Main (greater city)	Rüsselsheim am Main (greater city)	Y			
DE147C	Oberursel (greater city)	Oberursel (greater city)	Oberursel (greater city)	Y			
DE148C	Böblingen	Böblingen	Böblingen	Y			
DE149C	Göppingen (greater city)	Göppingen (greater city)	Göppingen (greater city)	Y			
DE149F	Göppingen	Göppingen	Göppingen	Y			
DE150C	Waiblingen (greater city)	Waiblingen (greater city)	Waiblingen (greater city)	Y			
DE151C	Lörrach (greater city)	Lörrach (greater city)	Lörrach (greater city)	Y			
DE151F	Lörrach	Lörrach	Lörrach	Y			
DE152C	Waiblingen (greater city)	Waiblingen (greater city)	Waiblingen (greater city)	O			
DE153C	Lörrach (greater city)	Lörrach (greater city)	Lörrach (greater city)	O			
EE	Estonia	Estonie	Estland	Y			
EE001C	Tallinn	Tallinn	Tallinn	Y			
EE001F	Tallinn	Tallinn	Tallinn	Y			
EE002C	Tartu	Tartu	Tartu	Y			
EE002F	Tartu	Tartu	Tartu	Y			
EE003C	Narva	Narva	Narva	Y			
EE003F	Narva	Narva	Narva	Y			
IE	Ireland	Irlande	Irland	Y			
IE001C	Dublin (greater city)	Dublin (greater city)	Dublin (greater city)	Y			
IE001C1	Dublin	Dublin	Dublin	Y			
IE001F	Dublin	Dublin	Dublin	Y			
IE002C	Cork (greater city)	Cork (greater city)	Cork (greater city)	Y			
IE002F	Cork	Cork	Cork	Y			
IE003C	Limerick (greater city)	Limerick (greater city)	Limerick (greater city)	Y			
IE003F	Limerick	Limerick	Limerick	Y			
IE004C	Galway (greater city)	Galway (greater city)	Galway (greater city)	Y			
IE004F	Galway	Galway	Galway	Y			
IE005C	Waterford (greater city)	Waterford (greater city)	Waterford (greater city)	Y			
IE005F	Waterford	Waterford	Waterford	Y			
EL	Greece	Grèce	Griechenland	Y			
EL001C	Athina (greater city)	Athina (greater city)	Athina (greater city)	Y			
EL001C1	Athina	Athina	Athina	Y			
EL001F	Athina	Athina	Athina	Y			
EL002C	Thessaloniki (greater city)	Thessaloniki (greater city)	Thessaloniki (greater city)	Y			
EL002F	Thessaloniki	Thessaloniki	Thessaloniki	Y			
EL003C	Pátra (greater city)	Pátra (greater city)	Pátra (greater city)	Y			
EL003F	Pátra	Pátra	Pátra	Y			
EL004C	Irakleio (greater city)	Irakleio (greater city)	Irakleio (greater city)	Y			
EL004F	Irakleio	Irakleio	Irakleio	Y			
EL005C	Larisa	Larisa	Larisa	Y			
EL005F	Larisa	Larisa	Larisa	Y			
EL006C	Volos (greater city)	Volos (greater city)	Volos (greater city)	Y			
EL006F	Volos	Volos	Volos	Y			
EL007C	Ioannina (greater city)	Ioannina (greater city)	Ioannina (greater city)	Y			
EL007F	Ioannina	Ioannina	Ioannina	Y			
EL008C	Kavala	Kavala	Kavala	Y			
EL008F	Kavala	Kavala	Kavala	Y			
EL009C	Kalamata	Kalamata	Kalamata	Y			
EL009F	Kalamata	Kalamata	Kalamata	Y			
EL010C	Trikala	Trikala	Trikala	Y			
EL010F	Trikala	Trikala	Trikala	Y			
EL011C	Serres	Serres	Serres	Y			
EL011F	Serres	Serres	Serres	Y			
EL012C	Katerini	Katerini	Katerini	Y			
EL012F	Katerini	Katerini	Katerini	Y			
EL013C	Xanthi	Xanthi	Xanthi	Y			
EL013F	Xanthi	Xanthi	Xanthi	Y			
EL014C	Chania (greater city)	Chania (greater city)	Chania (greater city)	Y			
EL014F	Chania	Chania	Chania	Y			
EL015C	Chalkida	Chalkida	Chalkida	Y			
EL015F	Chalkida	Chalkida	Chalkida	Y			
ES	Spain	Espagne	Spanien	Y			
ES001C	Madrid (greater city)	Madrid (greater city)	Madrid (greater city)	Y			
ES001C1	Madrid	Madrid	Madrid	Y			
ES001F	Madrid	Madrid	Madrid	Y			
ES002C	Barcelona (greater city)	Barcelona (greater city)	Barcelona (greater city)	Y			
ES002C1	Barcelona	Barcelona	Barcelona	Y			
ES002F	Barcelona	Barcelona	Barcelona	Y			
ES003C	Valencia (greater city)	Valencia (greater city)	Valencia (greater city)	Y			
ES003F	Valencia	Valencia	Valencia	Y			
ES004C	Sevilla	Sevilla	Sevilla	Y			
ES004F	Sevilla	Sevilla	Sevilla	Y			
ES005C	Zaragoza	Zaragoza	Zaragoza	Y			
ES005F	Zaragoza	Zaragoza	Zaragoza	Y			
ES006C	Málaga	Málaga	Málaga	Y			
ES006F	Málaga	Málaga	Málaga	Y			
ES007C	Murcia	Murcia	Murcia	Y			
ES007F	Murcia	Murcia	Murcia	Y			
ES008C	Las Palmas	Las Palmas	Las Palmas	Y			
ES008F	Las Palmas	Las Palmas	Las Palmas	Y			
ES009C	Valladolid (greater city)	Valladolid (greater city)	Valladolid (greater city)	Y			
ES009F	Valladolid	Valladolid	Valladolid	Y			
ES010C	Palma de Mallorca	Palma de Mallorca	Palma de Mallorca	Y			
ES010F	Palma de Mallorca	Palma de Mallorca	Palma de Mallorca	Y			
ES011C	Santiago de Compostela	Santiago de Compostela	Santiago de Compostela	Y			
ES011F	Santiago de Compostela	Santiago de Compostela	Santiago de Compostela	Y			
ES012C	Vitoria/Gasteiz	Vitoria/Gasteiz	Vitoria/Gasteiz	Y			
ES012F	Vitoria/Gasteiz	Vitoria/Gasteiz	Vitoria/Gasteiz	Y			
ES013C	Oviedo	Oviedo	Oviedo	Y			
ES013F	Oviedo	Oviedo	Oviedo	Y			
ES014C	Pamplona/Iruña (greater city)	Pamplona/Iruña (greater city)	Pamplona/Iruña (greater city)	Y			
ES014F	Pamplona/Iruña	Pamplona/Iruña	Pamplona/Iruña	Y			
ES015C	Santander	Santander	Santander	Y			
ES015F	Santander	Santander	Santander	Y			
ES016C	Toledo	Toledo	Toledo	Y			
ES016F	Toledo	Toledo	Toledo	Y			
ES017C	Badajoz	Badajoz	Badajoz	Y			
ES017F	Badajoz	Badajoz	Badajoz	Y			
ES018C	Logroño	Logroño	Logroño	Y			
ES018F	Logroño	Logroño	Logroño	Y			
ES019C	Bilbao (greater city)	Bilbao (greater city)	Bilbao (greater city)	Y			
ES019F	Bilbao	Bilbao	Bilbao	Y			
ES020C	Córdoba	Córdoba	Córdoba	Y			
ES020F	Córdoba	Córdoba	Córdoba	Y			
ES021C	Alicante/Alacant (greater city)	Alicante/Alacant (greater city)	Alicante/Alacant (greater city)	Y			
ES021F	Alicante/Alacant	Alicante/Alacant	Alicante/Alacant	Y			
ES022C	Vigo	Vigo	Vigo	Y			
ES022F	Vigo	Vigo	Vigo	Y			
ES023C	Gijón	Gijón	Gijón	Y			
ES023F	Gijón	Gijón	Gijón	Y			
ES024C	Santa Cruz de Tenerife (greater city)	Santa Cruz de Tenerife (greater city)	Santa Cruz de Tenerife (greater city)	Y			
ES024F	Santa Cruz de Tenerife	Santa Cruz de Tenerife	Santa Cruz de Tenerife	Y			
ES025C	A Coruña (greater city)	A Coruña (greater city)	A Coruña (greater city)	Y			
ES025F	A Coruña	A Coruña	A Coruña	Y			
ES026C	Reus	Reus	Reus	Y			
ES026F	Reus	Reus	Reus	Y			
ES027C	Telde	Telde	Telde	Y			
ES028C	Lugo	Lugo	Lugo	Y			
ES028F	Lugo	Lugo	Lugo	Y			
ES029C	San Fernando	San Fernando	San Fernando	Y			
ES030C	Girona (greater city)	Girona (greater city)	Girona (greater city)	Y			
ES030F	Girona	Girona	Girona	Y			
ES031C	Cáceres	Cáceres	Cáceres	Y			
ES031F	Cáceres	Cáceres	Cáceres	Y			
ES032C	Torrevieja	Torrevieja	Torrevieja	Y			
ES032F	Torrevieja	Torrevieja	Torrevieja	Y			
ES033C	Puerto de Santa María, El	Puerto de Santa María, El	Puerto de Santa María, El	Y			
ES033F	Puerto de Santa María, El	Puerto de Santa María, El	Puerto de Santa María, El	Y			
ES034C	Avilés (greater city)	Avilés (greater city)	Avilés (greater city)	Y			
ES034F	Avilés	Avilés	Avilés	Y			
ES035C	Talavera de la Reina	Talavera de la Reina	Talavera de la Reina	Y			
ES035F	Talavera de la Reina	Talavera de la Reina	Talavera de la Reina	Y			
ES036C	Palencia	Palencia	Palencia	Y			
ES036F	Palencia	Palencia	Palencia	Y			
ES037C	Ferrol (greater city)	Ferrol (greater city)	Ferrol (greater city)	Y			
ES037F	Ferrol	Ferrol	Ferrol	Y			
ES038C	Pontevedra	Pontevedra	Pontevedra	Y			
ES038F	Pontevedra	Pontevedra	Pontevedra	Y			
ES039C	Ceuta	Ceuta	Ceuta	Y			
ES039F	Ceuta	Ceuta	Ceuta	Y			
ES040C	Gandia (greater city)	Gandia (greater city)	Gandia (greater city)	Y			
ES040F	Gandia	Gandia	Gandia	Y			
ES041C	Guadalajara	Guadalajara	Guadalajara	Y			
ES041F	Guadalajara	Guadalajara	Guadalajara	Y			
ES042C	Manresa (greater city)	Manresa (greater city)	Manresa (greater city)	Y			
ES042F	Manresa	Manresa	Manresa	Y			
ES043C	Ciudad Real	Ciudad Real	Ciudad Real	Y			
ES043F	Ciudad Real	Ciudad Real	Ciudad Real	Y			
ES044C	Benidorm	Benidorm	Benidorm	Y			
ES044F	Benidorm	Benidorm	Benidorm	Y			
ES045C	Melilla	Melilla	Melilla	Y			
ES045F	Melilla	Melilla	Melilla	Y			
ES046C	Ponferrada	Ponferrada	Ponferrada	Y			
ES046F	Ponferrada	Ponferrada	Ponferrada	Y			
ES047C	Zamora	Zamora	Zamora	Y			
ES047F	Zamora	Zamora	Zamora	Y			
ES048C	Fuengirola	Fuengirola	Fuengirola	Y			
ES049C	Sanlúcar de Barrameda	Sanlúcar de Barrameda	Sanlúcar de Barrameda	Y			
ES049F	Sanlúcar de Barrameda	Sanlúcar de Barrameda	Sanlúcar de Barrameda	Y			
ES050C	Vilanova i la Geltrú	Vilanova i la Geltrú	Vilanova i la Geltrú	Y			
ES051C	Línea de la Concepción, La	Línea de la Concepción, La	Línea de la Concepción, La	Y			
ES051F	Línea de la Concepción, La	Línea de la Concepción, La	Línea de la Concepción, La	Y			
ES052C	Torremolinos (greater city)	Torremolinos (greater city)	Torremolinos (greater city)	Y			
ES053C	Irun (greater city)	Irun (greater city)	Irun (greater city)	Y			
ES053F	Irun	Irun	Irun	Y			
ES054C	Granollers (greater city)	Granollers (greater city)	Granollers (greater city)	Y			
ES055C	Arrecife	Arrecife	Arrecife	Y			
ES055F	Arrecife	Arrecife	Arrecife	Y			
ES056C	Elda (greater city)	Elda (greater city)	Elda (greater city)	Y			
ES056F	Elda	Elda	Elda	Y			
ES057C	Santa Lucía de Tirajana	Santa Lucía de Tirajana	Santa Lucía de Tirajana	Y			
ES057F	Santa Lucía de Tirajana	Santa Lucía de Tirajana	Santa Lucía de Tirajana	Y			
ES058C	Mollet del Vallès (greater city)	Mollet del Vallès (greater city)	Mollet del Vallès (greater city)	Y			
ES059C	Granada (greater city)	Granada (greater city)	Granada (greater city)	Y			
ES059F	Granada	Granada	Granada	Y			
ES060C	Elche/Elx	Elche/Elx	Elche/Elx	Y			
ES060F	Elche/Elx	Elche/Elx	Elche/Elx	Y			
ES061C	Cartagena	Cartagena	Cartagena	Y			
ES061F	Cartagena	Cartagena	Cartagena	Y			
ES062C	Jerez de la Frontera	Jerez de la Frontera	Jerez de la Frontera	Y			
ES062F	Jerez de la Frontera	Jerez de la Frontera	Jerez de la Frontera	Y			
ES063C	San Sebastián/Donostia (greater city)	San Sebastián/Donostia (greater city)	San Sebastián/Donostia (greater city)	Y			
ES063F	San Sebastián/Donostia	San Sebastián/Donostia	San Sebastián/Donostia	Y			
ES064C	Alcalá de Henares	Alcalá de Henares	Alcalá de Henares	Y			
ES065C	Almería (greater city)	Almería (greater city)	Almería (greater city)	Y			
ES065F	Almería	Almería	Almería	Y			
ES066C	Burgos	Burgos	Burgos	Y			
ES066F	Burgos	Burgos	Burgos	Y			
ES067C	Salamanca (greater city)	Salamanca (greater city)	Salamanca (greater city)	Y			
ES067F	Salamanca	Salamanca	Salamanca	Y			
ES068C	Albacete	Albacete	Albacete	Y			
ES068F	Albacete	Albacete	Albacete	Y			
ES069C	Castellón de la Plana/Castelló de la Plana	Castellón de la Plana/Castelló de la Plana	Castellón de la Plana/Castelló de la Plana	Y			
ES069F	Castellón de la Plana/Castelló de la Plana	Castellón de la Plana/Castelló de la Plana	Castellón de la Plana/Castelló de la Plana	Y			
ES070C	Huelva	Huelva	Huelva	Y			
ES070F	Huelva	Huelva	Huelva	Y			
ES071C	Cádiz	Cádiz	Cádiz	Y			
ES071F	Cádiz	Cádiz	Cádiz	Y			
ES072C	León (greater city)	León (greater city)	León (greater city)	Y			
ES072F	León	León	León	Y			
ES073C	Tarragona (greater city)	Tarragona (greater city)	Tarragona (greater city)	Y			
ES073F	Tarragona	Tarragona	Tarragona	Y			
ES074C	Jaén	Jaén	Jaén	Y			
ES074F	Jaén	Jaén	Jaén	Y			
ES075C	Lleida	Lleida	Lleida	Y			
ES075F	Lleida	Lleida	Lleida	Y			
ES076C	Ourense (greater city)	Ourense (greater city)	Ourense (greater city)	Y			
ES076F	Ourense	Ourense	Ourense	Y			
ES077C	Mataró	Mataró	Mataró	Y			
ES078C	Dos Hermanas	Dos Hermanas	Dos Hermanas	Y			
ES079C	Algeciras	Algeciras	Algeciras	Y			
ES079F	Algeciras	Algeciras	Algeciras	Y			
ES080C	Marbella	Marbella	Marbella	Y			
ES080F	Marbella	Marbella	Marbella	Y			
ES081C	Torrejón de Ardoz	Torrejón de Ardoz	Torrejón de Ardoz	Y			
ES082C	Alcalá de Guadaíra	Alcalá de Guadaíra	Alcalá de Guadaíra	Y			
ES083C	Alcoy	Alcoy	Alcoy	Y			
ES083F	Alcoy	Alcoy	Alcoy	Y			
ES084C	Ávila	Ávila	Ávila	Y			
ES084F	Ávila	Ávila	Ávila	Y			
ES085C	Benalmádena	Benalmádena	Benalmádena	Y			
ES086C	Chiclana de la Frontera	Chiclana de la Frontera	Chiclana de la Frontera	Y			
ES086F	Chiclana de la Frontera	Chiclana de la Frontera	Chiclana de la Frontera	Y			
ES087C	Collado Villalba	Collado Villalba	Collado Villalba	Y			
ES088C	Cuenca	Cuenca	Cuenca	Y			
ES088F	Cuenca	Cuenca	Cuenca	Y			
ES089C	Eivissa	Eivissa	Eivissa	Y			
ES089F	Eivissa	Eivissa	Eivissa	Y			
ES090C	Linares	Linares	Linares	Y			
ES090F	Linares	Linares	Linares	Y			
ES091C	Lorca	Lorca	Lorca	Y			
ES091F	Lorca	Lorca	Lorca	Y			
ES092C	Mérida	Mérida	Mérida	Y			
ES092F	Mérida	Mérida	Mérida	Y			
ES093C	Sagunto (greater city)	Sagunto (greater city)	Sagunto (greater city)	Y			
ES093F	Sagunto	Sagunto	Sagunto	Y			
ES094C	Torrelavega	Torrelavega	Torrelavega	Y			
ES095C	Valdemoro	Valdemoro	Valdemoro	Y			
ES096C	Puerto de la Cruz (greater city)	Puerto de la Cruz (greater city)	Puerto de la Cruz (greater city)	Y			
ES096F	Puerto de la Cruz	Puerto de la Cruz	Puerto de la Cruz	Y			
ES097C	Igualada (greater city)	Igualada (greater city)	Igualada (greater city)	Y			
ES097F	Igualada	Igualada	Igualada	Y			
ES098C	San Vicente del Raspeig/Sant Vicent del Raspeig	San Vicente del Raspeig/Sant Vicent del Raspeig	San Vicente del Raspeig/Sant Vicent del Raspeig	Y			
ES099C	Vícar	Vícar	Vícar	Y			
ES099F	Vícar	Vícar	Vícar	Y			
ES100C	Armilla (greater city)	Armilla (greater city)	Armilla (greater city)	Y			
ES101C	Mairena del Aljarafe (greater city)	Mairena del Aljarafe (greater city)	Mairena del Aljarafe (greater city)	Y			
ES102C	Aranjuez	Aranjuez	Aranjuez	Y			
ES103C	Parla	Parla	Parla	Y			
ES104C	Pinto	Pinto	Pinto	Y			
ES105C	Arganda del Rey	Arganda del Rey	Arganda del Rey	Y			
ES106C	Fuenlabrada	Fuenlabrada	Fuenlabrada	Y			
ES107C	Rivas-Vaciamadrid	Rivas-Vaciamadrid	Rivas-Vaciamadrid	Y			
ES108C	Coslada (greater city)	Coslada (greater city)	Coslada (greater city)	Y			
ES109C	Las Rozas de Madrid (greater city)	Las Rozas de Madrid (greater city)	Las Rozas de Madrid (greater city)	Y			
ES110C	Castelldefels	Castelldefels	Castelldefels	Y			
ES111C	Viladecans (greater city)	Viladecans (greater city)	Viladecans (greater city)	Y			
ES112C	Prat de Llobregat, El	Prat de Llobregat, El	Prat de Llobregat, El	Y			
ES113C	Sant Boi de Llobregat	Sant Boi de Llobregat	Sant Boi de Llobregat	Y			
ES114C	Sant Cugat del Vallès (greater city)	Sant Cugat del Vallès (greater city)	Sant Cugat del Vallès (greater city)	Y			
ES115C	Premià de Mar (greater city)	Premià de Mar (greater city)	Premià de Mar (greater city)	Y			
ES116C	Sabadell (greater city)	Sabadell (greater city)	Sabadell (greater city)	Y			
ES117C	Terrassa	Terrassa	Terrassa	Y			
ES118C	Huesca	Huesca	Huesca	Y			
ES118F	Huesca	Huesca	Huesca	Y			
FR	France	France	Frankreich	Y			
FR001C	Paris (greater city)	Paris (greater city)	Paris (greater city)	Y			
FR001C1	Paris	Paris	Paris	Y			
FR001F	Paris	Paris	Paris	Y			
FR002C	Lyon (greater city)	Lyon (greater city)	Lyon (greater city)	Y			
FR002F	Lyon	Lyon	Lyon	Y			
FR003C	Lille (greater city)	Lille (greater city)	Lille (greater city)	Y			
FR003F	Lille	Lille	Lille	Y			
FR004C	Marseille (greater city)	Marseille (greater city)	Marseille (greater city)	Y			
FR004F	Marseille	Marseille	Marseille	Y			
FR005C	Bordeaux (greater city)	Bordeaux (greater city)	Bordeaux (greater city)	Y			
FR005F	Bordeaux	Bordeaux	Bordeaux	Y			
FR006C	Toulouse (greater city)	Toulouse (greater city)	Toulouse (greater city)	Y			
FR006F	Toulouse	Toulouse	Toulouse	Y			
FR007C	Nantes (greater city)	Nantes (greater city)	Nantes (greater city)	Y			
FR007F	Nantes	Nantes	Nantes	Y			
FR008C	Nice (greater city)	Nice (greater city)	Nice (greater city)	Y			
FR008F	Nice	Nice	Nice	Y			
FR009C	Strasbourg (greater city)	Strasbourg (greater city)	Strasbourg (greater city)	Y			
FR009F	Strasbourg	Strasbourg	Strasbourg	Y			
FR010C	Rouen (greater city)	Rouen (greater city)	Rouen (greater city)	Y			
FR010F	Rouen	Rouen	Rouen	Y			
FR011C	Montpellier (greater city)	Montpellier (greater city)	Montpellier (greater city)	Y			
FR011F	Montpellier	Montpellier	Montpellier	Y			
FR012C	Grenoble (greater city)	Grenoble (greater city)	Grenoble (greater city)	Y			
FR012F	Grenoble	Grenoble	Grenoble	Y			
FR013C	Tours (greater city)	Tours (greater city)	Tours (greater city)	Y			
FR013F	Tours	Tours	Tours	Y			
FR014C	Cannes-Antibes (greater city)	Cannes-Antibes (greater city)	Cannes-Antibes (greater city)	Y			
FR014F	Cannes-Antibes	Cannes-Antibes	Cannes-Antibes	Y			
FR015C	Toulon (greater city)	Toulon (greater city)	Toulon (greater city)	Y			
FR015F	Toulon	Toulon	Toulon	Y			
FR016C	Rennes (greater city)	Rennes (greater city)	Rennes (greater city)	Y			
FR016F	Rennes	Rennes	Rennes	Y			
FR017C	Reims (greater city)	Reims (greater city)	Reims (greater city)	Y			
FR017F	Reims	Reims	Reims	Y			
FR018C	Orléans (greater city)	Orléans (greater city)	Orléans (greater city)	Y			
FR018F	Orléans	Orléans	Orléans	Y			
FR019C	Nancy (greater city)	Nancy (greater city)	Nancy (greater city)	Y			
FR019F	Nancy	Nancy	Nancy	Y			
FR020C	Dijon (greater city)	Dijon (greater city)	Dijon (greater city)	Y			
FR020F	Dijon	Dijon	Dijon	Y			
FR021C	Clermont-Ferrand (greater city)	Clermont-Ferrand (greater city)	Clermont-Ferrand (greater city)	Y			
FR021F	Clermont-Ferrand	Clermont-Ferrand	Clermont-Ferrand	Y			
FR022C	Le Havre (greater city)	Le Havre (greater city)	Le Havre (greater city)	Y			
FR022F	Le Havre	Le Havre	Le Havre	Y			
FR023C	Saint-Étienne (greater city)	Saint-Étienne (greater city)	Saint-Étienne (greater city)	Y			
FR023F	Saint-Étienne	Saint-Étienne	Saint-Étienne	Y			
FR024C	Angers (greater city)	Angers (greater city)	Angers (greater city)	Y			
FR024F	Angers	Angers	Angers	Y			
FR025C	Mulhouse (greater city)	Mulhouse (greater city)	Mulhouse (greater city)	Y			
FR025F	Mulhouse	Mulhouse	Mulhouse	Y			
FR026C	Lens (greater city)	Lens (greater city)	Lens (greater city)	Y			
FR026F	Lens	Lens	Lens	Y			
FR027C	Metz (greater city)	Metz (greater city)	Metz (greater city)	Y			
FR027F	Metz	Metz	Metz	Y			
FR028C	Nîmes	Nîmes	Nîmes	Y			
FR028F	Nîmes	Nîmes	Nîmes	Y			
FR029C	Le Mans (greater city)	Le Mans (greater city)	Le Mans (greater city)	Y			
FR029F	Le Mans	Le Mans	Le Mans	Y			
FR030C	Saint-Denis	Saint-Denis	Saint-Denis	Y			
FR030F	Saint-Denis	Saint-Denis	Saint-Denis	Y			
FR031C	Caen (greater city)	Caen (greater city)	Caen (greater city)	Y			
FR031F	Caen	Caen	Caen	Y			
FR032C	Limoges (greater city)	Limoges (greater city)	Limoges (greater city)	Y			
FR032F	Limoges	Limoges	Limoges	Y			
FR033C	Aix-en-Provence	Aix-en-Provence	Aix-en-Provence	Y			
FR034C	Brest	Brest	Brest	Y			
FR034F	Brest	Brest	Brest	Y			
FR035C	Amiens (greater city)	Amiens (greater city)	Amiens (greater city)	Y			
FR035F	Amiens	Amiens	Amiens	Y			
FR036C	Dunkerque (greater city)	Dunkerque (greater city)	Dunkerque (greater city)	Y			
FR036F	Dunkerque	Dunkerque	Dunkerque	Y			
FR037C	Perpignan (greater city)	Perpignan (greater city)	Perpignan (greater city)	Y			
FR037F	Perpignan	Perpignan	Perpignan	Y			
FR038C	Annecy (greater city)	Annecy (greater city)	Annecy (greater city)	Y			
FR038F	Annecy	Annecy	Annecy	Y			
FR039C	Besançon	Besançon	Besançon	Y			
FR039F	Besançon	Besançon	Besançon	Y			
FR040C	Bayonne (greater city)	Bayonne (greater city)	Bayonne (greater city)	Y			
FR040F	Bayonne	Bayonne	Bayonne	Y			
FR041C	La Seyne-sur-Mer (greater city)	La Seyne-sur-Mer (greater city)	La Seyne-sur-Mer (greater city)	Y			
FR042C	Pau (greater city)	Pau (greater city)	Pau (greater city)	Y			
FR042F	Pau	Pau	Pau	Y			
FR043C	Avignon (greater city)	Avignon (greater city)	Avignon (greater city)	Y			
FR043F	Avignon	Avignon	Avignon	Y			
FR044C	Troyes (greater city)	Troyes (greater city)	Troyes (greater city)	Y			
FR044F	Troyes	Troyes	Troyes	Y			
FR045C	Valenciennes (greater city)	Valenciennes (greater city)	Valenciennes (greater city)	Y			
FR045F	Valenciennes	Valenciennes	Valenciennes	Y			
FR046C	Fort-de-France (greater city)	Fort-de-France (greater city)	Fort-de-France (greater city)	Y			
FR046F	Fort-de-France	Fort-de-France	Fort-de-France	Y			
FR047C	Poitiers (greater city)	Poitiers (greater city)	Poitiers (greater city)	Y			
FR047F	Poitiers	Poitiers	Poitiers	Y			
FR048C	Valence (greater city)	Valence (greater city)	Valence (greater city)	Y			
FR048F	Valence	Valence	Valence	Y			
FR049C	Fréjus (greater city)	Fréjus (greater city)	Fréjus (greater city)	Y			
FR049F	Fréjus	Fréjus	Fréjus	Y			
FR050C	Chambéry (greater city)	Chambéry (greater city)	Chambéry (greater city)	Y			
FR050F	Chambéry	Chambéry	Chambéry	Y			
FR051C	Mantes-la-Jolie (greater city)	Mantes-la-Jolie (greater city)	Mantes-la-Jolie (greater city)	Y			
FR052C	Douai (greater city)	Douai (greater city)	Douai (greater city)	Y			
FR052F	Douai	Douai	Douai	Y			
FR053C	Melun (greater city)	Melun (greater city)	Melun (greater city)	Y			
FR054C	La Rochelle (greater city)	La Rochelle (greater city)	La Rochelle (greater city)	Y			
FR054F	La Rochelle	La Rochelle	La Rochelle	Y			
FR055C	Lorient (greater city)	Lorient (greater city)	Lorient (greater city)	Y			
FR055F	Lorient	Lorient	Lorient	Y			
FR056C	Cherbourg-en-Cotentin	Cherbourg-en-Cotentin	Cherbourg-en-Cotentin	Y			
FR056F	Cherbourg-en-Cotentin	Cherbourg-en-Cotentin	Cherbourg-en-Cotentin	Y			
FR057C	Béziers	Béziers	Béziers	Y			
FR057F	Béziers	Béziers	Béziers	Y			
FR058C	Chartres (greater city)	Chartres (greater city)	Chartres (greater city)	Y			
FR058F	Chartres	Chartres	Chartres	Y			
FR059C	Creil (greater city)	Creil (greater city)	Creil (greater city)	Y			
FR060C	Boulogne-sur-Mer (greater city)	Boulogne-sur-Mer (greater city)	Boulogne-sur-Mer (greater city)	Y			
FR060F	Boulogne-sur-mer	Boulogne-sur-mer	Boulogne-sur-mer	Y			
FR061C	Calais (greater city)	Calais (greater city)	Calais (greater city)	Y			
FR061F	Calais	Calais	Calais	Y			
FR062C	Mamoudzou	Mamoudzou	Mamoudzou	Y			
FR062F	Mamoudzou	Mamoudzou	Mamoudzou	Y			
FR063C	Montbéliard (greater city)	Montbéliard (greater city)	Montbéliard (greater city)	Y			
FR063F	Montbéliard	Montbéliard	Montbéliard	Y			
FR064C	Arras (greater city)	Arras (greater city)	Arras (greater city)	Y			
FR064F	Arras	Arras	Arras	Y			
FR065C	Colmar (greater city)	Colmar (greater city)	Colmar (greater city)	Y			
FR065F	Colmar	Colmar	Colmar	Y			
FR066C	Martigues (greater city)	Martigues (greater city)	Martigues (greater city)	Y			
FR066F	Martigues	Martigues	Martigues	Y			
FR067C	Meaux (greater city)	Meaux (greater city)	Meaux (greater city)	Y			
FR068C	Bourges	Bourges	Bourges	Y			
FR068F	Bourges	Bourges	Bourges	Y			
FR069C	Saint-Brieuc (greater city)	Saint-Brieuc (greater city)	Saint-Brieuc (greater city)	Y			
FR069F	Saint-Brieuc	Saint-Brieuc	Saint-Brieuc	Y			
FR070C	Quimper	Quimper	Quimper	Y			
FR070F	Quimper	Quimper	Quimper	Y			
FR071C	Belfort (greater city)	Belfort (greater city)	Belfort (greater city)	Y			
FR071F	Belfort	Belfort	Belfort	Y			
FR072C	Cayenne	Cayenne	Cayenne	Y			
FR072F	Cayenne	Cayenne	Cayenne	Y			
FR073C	Hayange	Hayange	Hayange	Y			
FR073F	Hayange	Hayange	Hayange	Y			
FR074C	Saint-Louis	Saint-Louis	Saint-Louis	Y			
FR074F	Saint-Louis	Saint-Louis	Saint-Louis	Y			
FR075C	Vannes	Vannes	Vannes	Y			
FR075F	Vannes	Vannes	Vannes	Y			
FR076C	Annemasse-Geneva (French part) (greater city)	Annemasse-Genève (la partie française) (greater city)	Annemasse-Genf (französischer Teil) (greater city)	Y			
FR076F	Annemasse-Geneva (French part)	Annemasse-Genève (la partie française)	Annemasse-Genf (französischer Teil)	Y			
FR077C	Saint-Louis-Bâle, (French part) (greater city)	Saint-Louis-Bâle (la partie française) (greater city)	Saint-Louis-Basel (französischer Teil) (greater city)	Y			
FR077F	Saint-Louis-Basel (French part)	Saint-Louis-Bâle (la partie française)	Saint-Louis-Basel (französischer Teil)	Y			
FR078C	Ajaccio	Ajaccio	Ajaccio	Y			
FR078F	Ajaccio	Ajaccio	Ajaccio	Y			
FR079C	Roanne (greater city)	Roanne (greater city)	Roanne (greater city)	Y			
FR079F	Roanne	Roanne	Roanne	Y			
FR080C	Irun-Hendaye, FR part	Irun-Hendaye, FR part	Irun-Hendaye, FR part	Y			
FR080F	Irun-Hendaye, FR part	Irun-Hendaye, FR part	Irun-Hendaye, FR part	Y			
FR081C	Tarbes (greater city)	Tarbes (greater city)	Tarbes (greater city)	Y			
FR081F	Tarbes	Tarbes	Tarbes	Y			
HR	Croatia	Croatie	Kroatien	Y			
HR001C	Zagreb	Zagreb	Zagreb	Y			
HR001F	Zagreb	Zagreb	Zagreb	Y			
HR002C	Rijeka	Rijeka	Rijeka	Y			
HR002F	Rijeka	Rijeka	Rijeka	Y			
HR003C	Slavonski Brod	Slavonski Brod	Slavonski Brod	Y			
HR003F	Slavonski Brod	Slavonski Brod	Slavonski Brod	Y			
HR004C	Osijek	Osijek	Osijek	Y			
HR004F	Osijek	Osijek	Osijek	Y			
HR005C	Split (greater city)	Split (greater city)	Split (greater city)	Y			
HR005F	Split	Split	Split	Y			
HR006C	Pula/Pola	Pula/Pola	Pula/Pola	Y			
HR006F	Pula/Pola	Pula/Pola	Pula/Pola	Y			
HR007C	Zadar	Zadar	Zadar	Y			
HR007F	Zadar	Zadar	Zadar	Y			
IT	Italy	Italie	Italien	Y			
IT001C	Roma	Roma	Roma	Y			
IT001F	Roma	Roma	Roma	Y			
IT002C	Milano (greater city)	Milano (greater city)	Milano (greater city)	Y			
IT002F	Milano	Milano	Milano	Y			
IT003C	Napoli (greater city)	Napoli (greater city)	Napoli (greater city)	Y			
IT003C1	Napoli	Napoli	Napoli	Y			
IT003F	Napoli	Napoli	Napoli	Y			
IT004C	Torino	Torino	Torino	Y			
IT004F	Torino	Torino	Torino	Y			
IT005C	Palermo	Palermo	Palermo	Y			
IT005F	Palermo	Palermo	Palermo	Y			
IT006C	Genova	Genova	Genova	Y			
IT006F	Genova	Genova	Genova	Y			
IT007C	Firenze	Firenze	Firenze	Y			
IT007F	Firenze	Firenze	Firenze	Y			
IT008C	Bari	Bari	Bari	Y			
IT008F	Bari	Bari	Bari	Y			
IT009C	Bologna	Bologna	Bologna	Y			
IT009F	Bologna	Bologna	Bologna	Y			
IT010C	Catania (greater city)	Catania (greater city)	Catania (greater city)	Y			
IT010F	Catania	Catania	Catania	Y			
IT011C	Venezia	Venezia	Venezia	Y			
IT011F	Venezia	Venezia	Venezia	Y			
IT012C	Verona	Verona	Verona	Y			
IT012F	Verona	Verona	Verona	Y			
IT013C	Cremona	Cremona	Cremona	Y			
IT013F	Cremona	Cremona	Cremona	Y			
IT014C	Trento	Trento	Trento	Y			
IT014F	Trento	Trento	Trento	Y			
IT015C	Trieste	Trieste	Trieste	Y			
IT015F	Trieste	Trieste	Trieste	Y			
IT016C	Perugia	Perugia	Perugia	Y			
IT016F	Perugia	Perugia	Perugia	Y			
IT017C	Ancona	Ancona	Ancona	Y			
IT017F	Ancona	Ancona	Ancona	Y			
IT018C	Pescara (greater city)	Pescara (greater city)	Pescara (greater city)	Y			
IT018F	Pescara	Pescara	Pescara	Y			
IT019C	Campobasso	Campobasso	Campobasso	Y			
IT019F	Campobasso	Campobasso	Campobasso	Y			
IT020C	Caserta  (greater city)	Caserta  (greater city)	Caserta  (greater city)	Y			
IT020F	Caserta	Caserta	Caserta	Y			
IT021C	Taranto	Taranto	Taranto	Y			
IT021F	Taranto	Taranto	Taranto	Y			
IT022C	Potenza	Potenza	Potenza	Y			
IT022F	Potenza	Potenza	Potenza	Y			
IT023C	Catanzaro	Catanzaro	Catanzaro	Y			
IT023F	Catanzaro	Catanzaro	Catanzaro	Y			
IT024C	Reggio di Calabria	Reggio di Calabria	Reggio di Calabria	Y			
IT024F	Reggio di Calabria	Reggio di Calabria	Reggio di Calabria	Y			
IT025C	Sassari	Sassari	Sassari	Y			
IT025F	Sassari	Sassari	Sassari	Y			
IT026C	Cagliari (greater city)	Cagliari (greater city)	Cagliari (greater city)	Y			
IT026F	Cagliari	Cagliari	Cagliari	Y			
IT027C	Padova	Padova	Padova	Y			
IT027F	Padova	Padova	Padova	Y			
IT028C	Brescia	Brescia	Brescia	Y			
IT028F	Brescia	Brescia	Brescia	Y			
IT029C	Modena	Modena	Modena	Y			
IT029F	Modena	Modena	Modena	Y			
IT030C	Foggia	Foggia	Foggia	Y			
IT030F	Foggia	Foggia	Foggia	Y			
IT031C	Salerno	Salerno	Salerno	Y			
IT031F	Salerno	Salerno	Salerno	Y			
IT032C	Piacenza	Piacenza	Piacenza	Y			
IT032F	Piacenza	Piacenza	Piacenza	Y			
IT033C	Bolzano	Bolzano	Bolzano	Y			
IT033F	Bolzano	Bolzano	Bolzano	Y			
IT034C	Udine	Udine	Udine	Y			
IT034F	Udine	Udine	Udine	Y			
IT035C	La Spezia	La Spezia	La Spezia	Y			
IT035F	La Spezia	La Spezia	La Spezia	Y			
IT036C	Lecce	Lecce	Lecce	Y			
IT036F	Lecce	Lecce	Lecce	Y			
IT037C	Barletta	Barletta	Barletta	Y			
IT037F	Barletta	Barletta	Barletta	Y			
IT038C	Pesaro	Pesaro	Pesaro	Y			
IT038F	Pesaro	Pesaro	Pesaro	Y			
IT039C	Como	Como	Como	Y			
IT039F	Como	Como	Como	Y			
IT040C	Pisa	Pisa	Pisa	Y			
IT040F	Pisa	Pisa	Pisa	Y			
IT041C	Treviso	Treviso	Treviso	Y			
IT041F	Treviso	Treviso	Treviso	Y			
IT042C	Varese	Varese	Varese	Y			
IT042F	Varese	Varese	Varese	Y			
IT043C	Asti	Asti	Asti	Y			
IT043F	Asti	Asti	Asti	Y			
IT044C	Pavia	Pavia	Pavia	Y			
IT044F	Pavia	Pavia	Pavia	Y			
IT045C	Massa	Massa	Massa	Y			
IT045F	Massa	Massa	Massa	Y			
IT046C	Cosenza (greater city)	Cosenza (greater city)	Cosenza (greater city)	Y			
IT046F	Cosenza	Cosenza	Cosenza	Y			
IT047C	Savona	Savona	Savona	Y			
IT047F	Savona	Savona	Savona	Y			
IT048C	Matera	Matera	Matera	Y			
IT048F	Matera	Matera	Matera	Y			
IT049C	Acireale (greater city)	Acireale (greater city)	Acireale (greater city)	Y			
IT049F	Acireale	Acireale	Acireale	Y			
IT050C	Avellino	Avellino	Avellino	Y			
IT050F	Avellino	Avellino	Avellino	Y			
IT051C	Pordenone	Pordenone	Pordenone	Y			
IT051F	Pordenone	Pordenone	Pordenone	Y			
IT052C	Lecco	Lecco	Lecco	Y			
IT052F	Lecco	Lecco	Lecco	Y			
IT053C	Altamura	Altamura	Altamura	Y			
IT053F	Altamura	Altamura	Altamura	Y			
IT054C	Bitonto	Bitonto	Bitonto	Y			
IT055C	Molfetta	Molfetta	Molfetta	Y			
IT055F	Molfetta	Molfetta	Molfetta	Y			
IT056C	Battipaglia	Battipaglia	Battipaglia	Y			
IT056F	Battipaglia	Battipaglia	Battipaglia	Y			
IT057C	Bisceglie	Bisceglie	Bisceglie	Y			
IT057F	Bisceglie	Bisceglie	Bisceglie	Y			
IT058C	Carpi	Carpi	Carpi	Y			
IT058F	Carpi	Carpi	Carpi	Y			
IT059C	Cerignola	Cerignola	Cerignola	Y			
IT059F	Cerignola	Cerignola	Cerignola	Y			
IT060C	Gela	Gela	Gela	Y			
IT060F	Gela	Gela	Gela	Y			
IT061C	Bagheria	Bagheria	Bagheria	Y			
IT062C	Anzio (greater city)	Anzio (greater city)	Anzio (greater city)	Y			
IT063C	Sassuolo	Sassuolo	Sassuolo	Y			
IT063F	Sassuolo	Sassuolo	Sassuolo	Y			
IT064C	Messina	Messina	Messina	Y			
IT064F	Messina	Messina	Messina	Y			
IT065C	Prato	Prato	Prato	Y			
IT065F	Prato	Prato	Prato	Y			
IT066C	Parma	Parma	Parma	Y			
IT066F	Parma	Parma	Parma	Y			
IT067C	Livorno	Livorno	Livorno	Y			
IT067F	Livorno	Livorno	Livorno	Y			
IT068C	Reggio nell'Emilia	Reggio nell'Emilia	Reggio nell'Emilia	Y			
IT068F	Reggio nell'Emilia	Reggio nell'Emilia	Reggio nell'Emilia	Y			
IT069C	Ravenna	Ravenna	Ravenna	Y			
IT069F	Ravenna	Ravenna	Ravenna	Y			
IT070C	Ferrara	Ferrara	Ferrara	Y			
IT070F	Ferrara	Ferrara	Ferrara	Y			
IT071C	Rimini	Rimini	Rimini	Y			
IT071F	Rimini	Rimini	Rimini	Y			
IT072C	Siracusa	Siracusa	Siracusa	Y			
IT072F	Siracusa	Siracusa	Siracusa	Y			
IT073C	Bergamo (greater city)	Bergamo (greater city)	Bergamo (greater city)	Y			
IT073F	Bergamo	Bergamo	Bergamo	Y			
IT074C	Forlì	Forlì	Forlì	Y			
IT074F	Forlì	Forlì	Forlì	Y			
IT075C	Latina	Latina	Latina	Y			
IT075F	Latina	Latina	Latina	Y			
IT076C	Vicenza	Vicenza	Vicenza	Y			
IT076F	Vicenza	Vicenza	Vicenza	Y			
IT077C	Terni	Terni	Terni	Y			
IT077F	Terni	Terni	Terni	Y			
IT078C	Novara	Novara	Novara	Y			
IT078F	Novara	Novara	Novara	Y			
IT079C	Alessandria	Alessandria	Alessandria	Y			
IT079F	Alessandria	Alessandria	Alessandria	Y			
IT080C	Arezzo	Arezzo	Arezzo	Y			
IT080F	Arezzo	Arezzo	Arezzo	Y			
IT081C	Grosseto	Grosseto	Grosseto	Y			
IT081F	Grosseto	Grosseto	Grosseto	Y			
IT082C	Brindisi	Brindisi	Brindisi	Y			
IT082F	Brindisi	Brindisi	Brindisi	Y			
IT083C	Trapani	Trapani	Trapani	Y			
IT083F	Trapani	Trapani	Trapani	Y			
IT084C	Ragusa	Ragusa	Ragusa	Y			
IT084F	Ragusa	Ragusa	Ragusa	Y			
IT085C	Andria	Andria	Andria	Y			
IT085F	Andria	Andria	Andria	Y			
IT086C	Trani	Trani	Trani	Y			
IT086F	Trani	Trani	Trani	Y			
IT087C	L'Aquila	L'Aquila	L'Aquila	Y			
IT087F	L'Aquila	L'Aquila	L'Aquila	Y			
IT088C	Vigevano	Vigevano	Vigevano	Y			
IT088F	Vigevano	Vigevano	Vigevano	Y			
IT089C	Guidonia Montecelio (greater city)	Guidonia Montecelio (greater city)	Guidonia Montecelio (greater city)	Y			
IT090C	Tivoli	Tivoli	Tivoli	Y			
CY	Cyprus	Chypre	Zypern	Y			
CY001C	Lefkosia (greater city)	Lefkosia (greater city)	Lefkosia (greater city)	Y			
CY001F	Lefkosia	Lefkosia	Lefkosia	Y			
CY002C	Larnaka (greater city)	Larnaka (greater city)	Larnaka (greater city)	Y			
CY002F	Larnaka	Larnaka	Larnaka	Y			
CY003C	Lemesos (greater city)	Lemesos (greater city)	Lemesos (greater city)	Y			
CY003F	Lemesos	Lemesos	Lemesos	Y			
LV	Latvia	Lettonie	Lettland	Y			
LV001C	Rīga	Rīga	Rīga	Y			
LV001F	Riga	Riga	Riga	Y			
LV002C	Liepāja	Liepāja	Liepāja	Y			
LV002F	Liepaja	Liepaja	Liepaja	Y			
LV003C	Jelgava	Jelgava	Jelgava	Y			
LV003F	Jelgava	Jelgava	Jelgava	Y			
LV004C	Daugavpils	Daugavpils	Daugavpils	Y			
LV004F	Daugavpils	Daugavpils	Daugavpils	Y			
LV005C	Jurmala	Jurmala	Jurmala	Y			
LV006C	Ventspils	Ventspils	Ventspils	Y			
LV007C	Rezekne	Rezekne	Rezekne	Y			
LV008C	Valmiera	Valmiera	Valmiera	Y			
LV009C	Jekabpils	Jekabpils	Jekabpils	Y			
LV010C	Ogre	Ogre	Ogre	Y			
LT	Lithuania	Lituanie	Litauen	Y			
LT001C	Vilnius	Vilnius	Vilnius	Y			
LT001F	Vilnius	Vilnius	Vilnius	Y			
LT002C	Kaunas	Kaunas	Kaunas	Y			
LT002F	Kaunas	Kaunas	Kaunas	Y			
LT003C	Panevėžys	Panevėžys	Panevėžys	Y			
LT003F	Panevežys	Panevežys	Panevežys	Y			
LT004C	Alytus	Alytus	Alytus	Y			
LT004F	Alytus	Alytus	Alytus	Y			
LT005C	Klaipėda	Klaipėda	Klaipėda	Y			
LT005F	Klaipeda	Klaipeda	Klaipeda	Y			
LT006C	Šiauliai	Šiauliai	Šiauliai	Y			
LT006F	Šiauliai	Šiauliai	Šiauliai	Y			
LU	Luxembourg	Luxembourg	Luxemburg	Y			
LU001C	Luxembourg (greater city)	Luxembourg (greater city)	Luxembourg (greater city)	Y			
LU001F	Luxembourg	Luxembourg	Luxembourg	Y			
HU	Hungary	Hongrie	Ungarn	Y			
HU001C	Budapest (greater city)	Budapest (greater city)	Budapest (greater city)	Y			
HU001F	Budapest	Budapest	Budapest	Y			
HU002C	Miskolc	Miskolc	Miskolc	Y			
HU002F	Miskolc	Miskolc	Miskolc	Y			
HU003C	Nyíregyháza	Nyíregyháza	Nyíregyháza	Y			
HU003F	Nyíregyháza	Nyíregyháza	Nyíregyháza	Y			
HU004C	Pécs	Pécs	Pécs	Y			
HU004F	Pécs	Pécs	Pécs	Y			
HU005C	Debrecen	Debrecen	Debrecen	Y			
HU005F	Debrecen	Debrecen	Debrecen	Y			
HU006C	Szeged	Szeged	Szeged	Y			
HU006F	Szeged	Szeged	Szeged	Y			
HU007C	Gyõr	Gyõr	Gyõr	Y			
HU007F	Gyõr	Gyõr	Gyõr	Y			
HU008C	Kecskemét	Kecskemét	Kecskemét	Y			
HU008F	Kecskemét	Kecskemét	Kecskemét	Y			
HU009C	Székesfehérvár	Székesfehérvár	Székesfehérvár	Y			
HU009F	Székesfehérvár	Székesfehérvár	Székesfehérvár	Y			
HU010C	Szombathely	Szombathely	Szombathely	Y			
HU010F	Szombathely	Szombathely	Szombathely	Y			
HU011C	Szolnok	Szolnok	Szolnok	Y			
HU011F	Szolnok	Szolnok	Szolnok	Y			
HU012C	Tatabánya	Tatabánya	Tatabánya	Y			
HU012F	Tatabánya	Tatabánya	Tatabánya	Y			
HU013C	Veszprém	Veszprém	Veszprém	Y			
HU013F	Veszprém	Veszprém	Veszprém	Y			
HU014C	Békéscsaba	Békéscsaba	Békéscsaba	Y			
HU014F	Békéscsaba	Békéscsaba	Békéscsaba	Y			
HU015C	Kaposvár	Kaposvár	Kaposvár	Y			
HU015F	Kaposvár	Kaposvár	Kaposvár	Y			
HU016C	Eger	Eger	Eger	Y			
HU016F	Eger	Eger	Eger	Y			
HU017C	Dunaújváros	Dunaújváros	Dunaújváros	Y			
HU017F	Dunaújváros	Dunaújváros	Dunaújváros	Y			
HU018C	Zalaegerszeg	Zalaegerszeg	Zalaegerszeg	Y			
HU018F	Zalaegerszeg	Zalaegerszeg	Zalaegerszeg	Y			
HU019C	Sopron	Sopron	Sopron	Y			
HU019F	Sopron	Sopron	Sopron	Y			
MT	Malta	Malte	Malta	Y			
MT001C	Greater Valletta	Greater Valletta	Greater Valletta	Y			
MT001F	Malta	Malta	Malta	Y			
NL	Netherlands	Pays-Bas	Niederlande	Y			
NL001C	Amsterdam (greater city)	Amsterdam (greater city)	Amsterdam (greater city)	Y			
NL001F	Amsterdam	Amsterdam	Amsterdam	Y			
NL002C	Alkmaar (greater city)	Alkmaar (greater city)	Alkmaar (greater city)	Y			
NL002F	Alkmaar	Alkmaar	Alkmaar	Y			
NL003C	Almelo	Almelo	Almelo	Y			
NL003F	Almelo	Almelo	Almelo	Y			
NL004C	Almere	Almere	Almere	Y			
NL005C	Alphen aan den Rijn	Alphen aan den Rijn	Alphen aan den Rijn	Y			
NL005F	Alphen aan den Rijn	Alphen aan den Rijn	Alphen aan den Rijn	Y			
NL006C	Amersfoort	Amersfoort	Amersfoort	Y			
NL006F	Amersfoort	Amersfoort	Amersfoort	Y			
NL007C	Apeldoorn	Apeldoorn	Apeldoorn	Y			
NL007F	Apeldoorn	Apeldoorn	Apeldoorn	Y			
NL008C	Arnhem	Arnhem	Arnhem	Y			
NL008F	Arnhem	Arnhem	Arnhem	Y			
NL009C	Assen	Assen	Assen	Y			
NL009F	Assen	Assen	Assen	Y			
NL010C	Bergen op Zoom	Bergen op Zoom	Bergen op Zoom	Y			
NL010F	Bergen op Zoom	Bergen op Zoom	Bergen op Zoom	Y			
NL011C	Breda	Breda	Breda	Y			
NL011F	Breda	Breda	Breda	Y			
NL012C	Deventer	Deventer	Deventer	Y			
NL012F	Deventer	Deventer	Deventer	Y			
NL013C	Ede	Ede	Ede	Y			
NL013F	Ede	Ede	Ede	Y			
NL014C	Eindhoven (greater city)	Eindhoven (greater city)	Eindhoven (greater city)	Y			
NL014F	Eindhoven	Eindhoven	Eindhoven	Y			
NL015C	Enschede	Enschede	Enschede	Y			
NL015F	Enschede	Enschede	Enschede	Y			
NL016C	Gouda	Gouda	Gouda	Y			
NL016F	Gouda	Gouda	Gouda	Y			
NL017C	's-Gravenhage (greater city)	's-Gravenhage (greater city)	's-Gravenhage (greater city)	Y			
NL017F	's-Gravenhage	's-Gravenhage	's-Gravenhage	Y			
NL018C	Groningen	Groningen	Groningen	Y			
NL018F	Groningen	Groningen	Groningen	Y			
NL019C	Haarlem (greater city)	Haarlem (greater city)	Haarlem (greater city)	Y			
NL020C	Haarlemmermeer	Haarlemmermeer	Haarlemmermeer	Y			
NL021C	Heemskerk (greater city)	Heemskerk (greater city)	Heemskerk (greater city)	Y			
NL022C	Heerlen (greater city)	Heerlen (greater city)	Heerlen (greater city)	Y			
NL022F	Heerlen	Heerlen	Heerlen	Y			
NL023C	Helmond	Helmond	Helmond	Y			
NL024C	Hengelo	Hengelo	Hengelo	Y			
NL025C  's-Hertogenbosch    's-Hertogenbosch    's-Hertogenbosch	Y
NL025F  's-Hertogenbosch    's-Hertogenbosch    's-Hertogenbosch	Y
NL026C	Hilversum	Hilversum	Hilversum	Y			
NL027C	Hoorn	Hoorn	Hoorn	Y			
NL028C	Leeuwarden	Leeuwarden	Leeuwarden	Y			
NL028F	Leeuwarden	Leeuwarden	Leeuwarden	Y			
NL029C	Leiden (greater city)	Leiden (greater city)	Leiden (greater city)	Y			
NL029F	Leiden	Leiden	Leiden	Y			
NL030C	Lelystad	Lelystad	Lelystad	Y			
NL030F	Lelystad	Lelystad	Lelystad	Y			
NL031C	Maastricht	Maastricht	Maastricht	Y			
NL031F	Maastricht	Maastricht	Maastricht	Y			
NL032C	Middelburg       	Middelburg       	Middelburg       	Y			
NL032F	Middelburg	Middelburg	Middelburg	Y			
NL033C	Nijmegen	Nijmegen	Nijmegen	Y			
NL033F	Nijmegen	Nijmegen	Nijmegen	Y			
NL034C	Nissewaard (greater city)	Nissewaard (greater city)	Nissewaard (greater city)	Y			
NL035C	Oss	Oss	Oss	Y			
NL035F	Oss	Oss	Oss	Y			
NL036C	Purmerend	Purmerend	Purmerend	Y			
NL037C	Rotterdam (greater city)	Rotterdam (greater city)	Rotterdam (greater city)	Y			
NL037F	Rotterdam	Rotterdam	Rotterdam	Y			
NL038C	Roosendaal	Roosendaal	Roosendaal	Y			
NL038F	Roosendaal	Roosendaal	Roosendaal	Y			
NL039C	Sittard-Geleen (greater city)	Sittard-Geleen (greater city)	Sittard-Geleen (greater city)	Y			
NL039F	Sittard-Geleen	Sittard-Geleen	Sittard-Geleen	Y			
NL040C	Soest (greater city)	Soest (greater city)	Soest (greater city)	Y			
NL040F	Soest	Soest	Soest	Y			
NL041C	Tilburg (greater city)	Tilburg (greater city)	Tilburg (greater city)	Y			
NL041F	Tilburg	Tilburg	Tilburg	Y			
NL042C	Utrecht (greater city)	Utrecht (greater city)	Utrecht (greater city)	Y			
NL042F	Utrecht	Utrecht	Utrecht	Y			
NL043C	Veenendaal	Veenendaal	Veenendaal	Y			
NL043F	Veenendaal	Veenendaal	Veenendaal	Y			
NL044C	Venlo	Venlo	Venlo	Y			
NL044F	Venlo	Venlo	Venlo	Y			
NL045C	Zaanstad (greater city)	Zaanstad (greater city)	Zaanstad (greater city)	Y			
NL046C	Zoetermeer	Zoetermeer	Zoetermeer	Y			
NL047C	Zwolle	Zwolle	Zwolle	Y			
NL047F	Zwolle	Zwolle	Zwolle	Y			
NL048C	Lansingerland (greater city)	Lansingerland (greater city)	Lansingerland (greater city)	Y			
AT	Austria	Autriche	Österreich	Y			
AT001C	Wien (greater city)	Wien (greater city)	Wien (greater city)	Y			
AT001F	Wien	Wien	Wien	Y			
AT002C	Graz	Graz	Graz	Y			
AT002F	Graz	Graz	Graz	Y			
AT003C	Linz (greater city)	Linz (greater city)	Linz (greater city)	Y			
AT003F	Linz	Linz	Linz	Y			
AT004C	Salzburg	Salzburg	Salzburg	Y			
AT004F	Salzburg	Salzburg	Salzburg	Y			
AT005C	Innsbruck	Innsbruck	Innsbruck	Y			
AT005F	Innsbruck	Innsbruck	Innsbruck	Y			
AT006C	Klagenfurt	Klagenfurt	Klagenfurt	Y			
AT006F	Klagenfurt	Klagenfurt	Klagenfurt	Y			
AT007C	Bregenz (greater city)	Bregenz (greater city)	Bregenz (greater city)	Y			
AT007F	Bregenz	Bregenz	Bregenz	Y			
AT008C	Wels	Wels	Wels	Y			
AT008F	Wels	Wels	Wels	Y			
PL	Poland	Pologne	Polen	Y			
PL001C	Warszawa	Warszawa	Warszawa	Y			
PL001F	Warszawa	Warszawa	Warszawa	Y			
PL002C	Łódź	Łódź	Łódź	Y			
PL002F	Lódz	Lódz	Lódz	Y			
PL003C	Kraków	Kraków	Kraków	Y			
PL003F	Kraków	Kraków	Kraków	Y			
PL004C	Wrocław	Wrocław	Wrocław	Y			
PL004F	Wroclaw	Wroclaw	Wroclaw	Y			
PL005C	Poznań	Poznań	Poznań	Y			
PL005F	Poznan	Poznan	Poznan	Y			
PL006C	Gdańsk	Gdańsk	Gdańsk	Y			
PL006F	Gdansk	Gdansk	Gdansk	Y			
PL007C	Szczecin	Szczecin	Szczecin	Y			
PL007F	Szczecin	Szczecin	Szczecin	Y			
PL008C	Bydgoszcz	Bydgoszcz	Bydgoszcz	Y			
PL008F	Bydgoszcz	Bydgoszcz	Bydgoszcz	Y			
PL009C	Lublin	Lublin	Lublin	Y			
PL009F	Lublin	Lublin	Lublin	Y			
PL010C	Katowice	Katowice	Katowice	Y			
PL010F	Katowice	Katowice	Katowice	Y			
PL011C	Białystok	Białystok	Białystok	Y			
PL011F	Bialystok	Bialystok	Bialystok	Y			
PL012C	Kielce	Kielce	Kielce	Y			
PL012F	Kielce	Kielce	Kielce	Y			
PL013C	Toruń	Toruń	Toruń	Y			
PL013F	Torun	Torun	Torun	Y			
PL014C	Olsztyn	Olsztyn	Olsztyn	Y			
PL014F	Olsztyn	Olsztyn	Olsztyn	Y			
PL015C	Rzeszów	Rzeszów	Rzeszów	Y			
PL015F	Rzeszów	Rzeszów	Rzeszów	Y			
PL016C	Opole	Opole	Opole	Y			
PL016F	Opole	Opole	Opole	Y			
PL017C	Gorzów Wielkopolski	Gorzów Wielkopolski	Gorzów Wielkopolski	Y			
PL017F	Gorzów Wielkopolski	Gorzów Wielkopolski	Gorzów Wielkopolski	Y			
PL018C	Zielona Góra	Zielona Góra	Zielona Góra	Y			
PL018F	Zielona Góra	Zielona Góra	Zielona Góra	Y			
PL019C	Jelenia Góra	Jelenia Góra	Jelenia Góra	Y			
PL019F	Jelenia Góra	Jelenia Góra	Jelenia Góra	Y			
PL020C	Nowy Sącz	Nowy Sącz	Nowy Sącz	Y			
PL020F	Nowy Sacz	Nowy Sacz	Nowy Sacz	Y			
PL021C	Suwałki	Suwałki	Suwałki	Y			
PL021F	Suwalki	Suwalki	Suwalki	Y			
PL022C	Konin	Konin	Konin	Y			
PL022F	Konin	Konin	Konin	Y			
PL023C	Zory	Zory	Zory	Y			
PL024C	Częstochowa	Częstochowa	Częstochowa	Y			
PL024F	Czestochowa	Czestochowa	Czestochowa	Y			
PL025C	Radom	Radom	Radom	Y			
PL025F	Radom	Radom	Radom	Y			
PL026C	Płock	Płock	Płock	Y			
PL026F	Plock	Plock	Plock	Y			
PL027C	Kalisz	Kalisz	Kalisz	Y			
PL027F	Kalisz	Kalisz	Kalisz	Y			
PL028C	Koszalin	Koszalin	Koszalin	Y			
PL028F	Koszalin	Koszalin	Koszalin	Y			
PL029C	Słupsk	Słupsk	Słupsk	Y			
PL029F	Slupsk	Slupsk	Slupsk	Y			
PL030C	Jastrzębie-Zdrój	Jastrzębie-Zdrój	Jastrzębie-Zdrój	Y			
PL030F	Jastrzebie-Zdrój	Jastrzebie-Zdrój	Jastrzebie-Zdrój	Y			
PL031C	Siedlce	Siedlce	Siedlce	Y			
PL031F	Siedlce	Siedlce	Siedlce	Y			
PL032C	Piotrków Trybunalski	Piotrków Trybunalski	Piotrków Trybunalski	Y			
PL032F	Piotrków Trybunalski	Piotrków Trybunalski	Piotrków Trybunalski	Y			
PL033C	Lubin	Lubin	Lubin	Y			
PL033F	Lubin	Lubin	Lubin	Y			
PL034C	Piła	Piła	Piła	Y			
PL034F	Pila	Pila	Pila	Y			
PL035C	Inowroc?aw	Inowroc?aw	Inowroc?aw	Y			
PL035F	Inowroclaw	Inowroclaw	Inowroclaw	Y			
PL036C	Ostrowiec Swietokrzyski	Ostrowiec Swietokrzyski	Ostrowiec Swietokrzyski	Y			
PL036F	Ostrowiec Swietokrzyski	Ostrowiec Swietokrzyski	Ostrowiec Swietokrzyski	Y			
PL037C	Gniezno	Gniezno	Gniezno	Y			
PL037F	Gniezno	Gniezno	Gniezno	Y			
PL038C	Stargard	Stargard	Stargard	Y			
PL038F	Stargard	Stargard	Stargard	Y			
PL039C	Ostrów Wielkopolski	Ostrów Wielkopolski	Ostrów Wielkopolski	Y			
PL039F	Ostrów Wielkopolski	Ostrów Wielkopolski	Ostrów Wielkopolski	Y			
PL040C	Przemysl	Przemysl	Przemysl	Y			
PL040F	Przemysl	Przemysl	Przemysl	Y			
PL041C	Zamość	Zamość	Zamość	Y			
PL041F	Zamosc	Zamosc	Zamosc	Y			
PL042C	Chełm	Chełm	Chełm	Y			
PL042F	Chelm	Chelm	Chelm	Y			
PL043C	Pabianice	Pabianice	Pabianice	Y			
PL043F	Pabianice	Pabianice	Pabianice	Y			
PL044C	Głogów	Głogów	Głogów	Y			
PL044F	Glogów	Glogów	Glogów	Y			
PL045C	Stalowa Wola	Stalowa Wola	Stalowa Wola	Y			
PL045F	Stalowa Wola	Stalowa Wola	Stalowa Wola	Y			
PL046C	Tomaszów Mazowiecki	Tomaszów Mazowiecki	Tomaszów Mazowiecki	Y			
PL046F	Tomaszów Mazowiecki	Tomaszów Mazowiecki	Tomaszów Mazowiecki	Y			
PL047C	Łomża	Łomża	Łomża	Y			
PL047F	Lomza	Lomza	Lomza	Y			
PL048C	Leszno	Leszno	Leszno	Y			
PL048F	Leszno	Leszno	Leszno	Y			
PL049C	Swidnica	Swidnica	Swidnica	Y			
PL049F	Swidnica	Swidnica	Swidnica	Y			
PL050C	Zgierz	Zgierz	Zgierz	Y			
PL051C	Tczew	Tczew	Tczew	Y			
PL051F	Tczew	Tczew	Tczew	Y			
PL052C	Ełk	Ełk	Ełk	Y			
PL052F	Elk	Elk	Elk	Y			
PL053C	Gdynia	Gdynia	Gdynia	Y			
PL053F	Gdynia	Gdynia	Gdynia	Y			
PL054C	Sosnowiec	Sosnowiec	Sosnowiec	Y			
PL055C	Gliwice	Gliwice	Gliwice	Y			
PL055F	Gliwice	Gliwice	Gliwice	Y			
PL056C	Zabrze	Zabrze	Zabrze	Y			
PL057C	Bytom	Bytom	Bytom	Y			
PL058C	Bielsko-Biała	Bielsko-Biała	Bielsko-Biała	Y			
PL058F	Bielsko-Biala	Bielsko-Biala	Bielsko-Biala	Y			
PL059C	Ruda Śląska	Ruda Śląska	Ruda Śląska	Y			
PL060C	Rybnik	Rybnik	Rybnik	Y			
PL060F	Rybnik	Rybnik	Rybnik	Y			
PL061C	Tychy	Tychy	Tychy	Y			
PL061F	Tychy	Tychy	Tychy	Y			
PL062C	Wałbrzych	Wałbrzych	Wałbrzych	Y			
PL062F	Walbrzych	Walbrzych	Walbrzych	Y			
PL063C	Elbląg	Elbląg	Elbląg	Y			
PL063F	Elblag	Elblag	Elblag	Y			
PL064C	Włocławek	Włocławek	Włocławek	Y			
PL064F	Wloclawek	Wloclawek	Wloclawek	Y			
PL065C	Tarnów	Tarnów	Tarnów	Y			
PL065F	Tarnów	Tarnów	Tarnów	Y			
PL066C	Chorzów	Chorzów	Chorzów	Y			
PL067C	Legnica	Legnica	Legnica	Y			
PL067F	Legnica	Legnica	Legnica	Y			
PL068C	Grudziądz	Grudziądz	Grudziądz	Y			
PL068F	Grudziadz	Grudziadz	Grudziadz	Y			
PL069C	Będzin	Będzin	Będzin	Y			
PL070C	Dąbrowa Górnicza	Dąbrowa Górnicza	Dąbrowa Górnicza	Y			
PL070F	Dąbrowa Górnicza	Dąbrowa Górnicza	Dąbrowa Górnicza	Y			
PL071C	Legionowo	Legionowo	Legionowo	Y			
PL072C	Mysłowice	Mysłowice	Mysłowice	Y			
PL073C	Pruszków	Pruszków	Pruszków	Y			
PL074C	Siemianowice Śląskie	Siemianowice Śląskie	Siemianowice Śląskie	Y			
PL075C	Świętochłowice	Świętochłowice	Świętochłowice	Y			
PT	Portugal	Portugal	Portugal	Y			
PT001C	Lisboa (greater city)	Lisboa (greater city)	Lisboa (greater city)	Y			
PT001C1	Lisboa	Lisboa	Lisboa	Y			
PT001F	Lisboa	Lisboa	Lisboa	Y			
PT002C	Porto (greater city)	Porto (greater city)	Porto (greater city)	Y			
PT002F	Porto	Porto	Porto	Y			
PT003C	Braga (greater city)	Braga (greater city)	Braga (greater city)	Y			
PT003F	Braga	Braga	Braga	Y			
PT004C	Funchal (greater city)	Funchal (greater city)	Funchal (greater city)	Y			
PT004F	Funchal	Funchal	Funchal	Y			
PT005C	Coimbra (greater city)	Coimbra (greater city)	Coimbra (greater city)	Y			
PT005F	Coimbra	Coimbra	Coimbra	Y			
PT006C	Setúbal (greater city)	Setúbal (greater city)	Setúbal (greater city)	Y			
PT007C	Ponta Delgada (greater city)	Ponta Delgada (greater city)	Ponta Delgada (greater city)	Y			
PT007F	Ponta Delgada	Ponta Delgada	Ponta Delgada	Y			
PT008C	Aveiro (greater city)	Aveiro (greater city)	Aveiro (greater city)	Y			
PT008F	Aveiro	Aveiro	Aveiro	Y			
PT009C	Faro (greater city)	Faro (greater city)	Faro (greater city)	Y			
PT009F	Faro	Faro	Faro	Y			
PT010C	Viseu (greater city)	Viseu (greater city)	Viseu (greater city)	Y			
PT010F	Viseu	Viseu	Viseu	Y			
PT011C	Viana do Castelo (greater city)	Viana do Castelo (greater city)	Viana do Castelo (greater city)	Y			
PT011F	Viana do Castelo	Viana do Castelo	Viana do Castelo	Y			
PT012C	Paredes (greater city)	Paredes (greater city)	Paredes (greater city)	Y			
PT013C	Póvoa de Varzim (greater city)	Póvoa de Varzim (greater city)	Póvoa de Varzim (greater city)	Y			
PT013F	Póvoa de Varzim	Póvoa de Varzim	Póvoa de Varzim	Y			
PT014C	Sintra (greater city)	Sintra (greater city)	Sintra (greater city)	Y			
PT015C	Guimarães (greater city)	Guimarães (greater city)	Guimarães (greater city)	Y			
PT015F	Guimarães	Guimarães	Guimarães	Y			
PT016C	Vila Franca de Xira (greater city)	Vila Franca de Xira (greater city)	Vila Franca de Xira (greater city)	Y			
RO	Romania	Roumanie	Rumänien	Y			
RO001C	Bucuresti	Bucuresti	Bucuresti	Y			
RO001F	Bucuresti	Bucuresti	Bucuresti	Y			
RO002C	Cluj-Napoca	Cluj-Napoca	Cluj-Napoca	Y			
RO002F	Cluj-Napoca	Cluj-Napoca	Cluj-Napoca	Y			
RO003C	Timișoara (greater city)	Timișoara (greater city)	Timișoara (greater city)	Y			
RO003F	Timisoara	Timisoara	Timisoara	Y			
RO004C	Craiova	Craiova	Craiova	Y			
RO004F	Craiova	Craiova	Craiova	Y			
RO005C	Brăila	Brăila	Brăila	Y			
RO005F	Braila	Braila	Braila	Y			
RO006C	Oradea	Oradea	Oradea	Y			
RO006F	Oradea	Oradea	Oradea	Y			
RO007C	Bacău	Bacău	Bacău	Y			
RO007F	Bacau	Bacau	Bacau	Y			
RO008C	Arad	Arad	Arad	Y			
RO008F	Arad	Arad	Arad	Y			
RO009C	Sibiu	Sibiu	Sibiu	Y			
RO009F	Sibiu	Sibiu	Sibiu	Y			
RO010C	Târgu Mureș	Târgu Mureș	Târgu Mureș	Y			
RO010F	Târgu Mures	Târgu Mures	Târgu Mures	Y			
RO011C	Piatra-Neamț	Piatra-Neamț	Piatra-Neamț	Y			
RO011F	Piatra Neamt	Piatra Neamt	Piatra Neamt	Y			
RO012C	Călărași	Călărași	Călărași	Y			
RO012F	Calarasi	Calarasi	Calarasi	Y			
RO013C	Giurgiu	Giurgiu	Giurgiu	Y			
RO013F	Giurgiu	Giurgiu	Giurgiu	Y			
RO014C	Alba Iulia	Alba Iulia	Alba Iulia	Y			
RO014F	Alba Iulia	Alba Iulia	Alba Iulia	Y			
RO015C	Focșani	Focșani	Focșani	Y			
RO015F	Focsani	Focsani	Focsani	Y			
RO016C	Târgu Jiu	Târgu Jiu	Târgu Jiu	Y			
RO016F	Târgu Jiu	Târgu Jiu	Târgu Jiu	Y			
RO017C	Tulcea	Tulcea	Tulcea	Y			
RO017F	Tulcea	Tulcea	Tulcea	Y			
RO018C	Târgoviște	Târgoviște	Târgoviște	Y			
RO018F	Târgoviste	Târgoviste	Târgoviste	Y			
RO019C	Slatina	Slatina	Slatina	Y			
RO019F	Slatina	Slatina	Slatina	Y			
RO020C	Bârlad	Bârlad	Bârlad	Y			
RO020F	Bârlad	Bârlad	Bârlad	Y			
RO021C	Roman	Roman	Roman	Y			
RO021F	Roman	Roman	Roman	Y			
RO022C	Bistrița	Bistrița	Bistrița	Y			
RO022F	Bistrita	Bistrita	Bistrita	Y			
RO023C	Constanța	Constanța	Constanța	Y			
RO023F	Constanta	Constanta	Constanta	Y			
RO024C	Iași (greater city)	Iași (greater city)	Iași (greater city)	Y			
RO024F	Iasi	Iasi	Iasi	Y			
RO025C	Galați	Galați	Galați	Y			
RO025F	Galati	Galati	Galati	Y			
RO026C	Brașov	Brașov	Brașov	Y			
RO026F	Brasov	Brasov	Brasov	Y			
RO027C	Ploiești	Ploiești	Ploiești	Y			
RO027F	Ploiesti	Ploiesti	Ploiesti	Y			
RO028C	Pitești	Pitești	Pitești	Y			
RO028F	Pitesti	Pitesti	Pitesti	Y			
RO029C	Baia Mare	Baia Mare	Baia Mare	Y			
RO029F	Baia Mare	Baia Mare	Baia Mare	Y			
RO030C	Buzău	Buzău	Buzău	Y			
RO030F	Buzau	Buzau	Buzau	Y			
RO031C	Satu Mare	Satu Mare	Satu Mare	Y			
RO031F	Satu Mare	Satu Mare	Satu Mare	Y			
RO032C	Botoșani	Botoșani	Botoșani	Y			
RO032F	Botosani	Botosani	Botosani	Y			
RO033C	Râmnicu Vâlcea	Râmnicu Vâlcea	Râmnicu Vâlcea	Y			
RO033F	Râmnicu Vâlcea	Râmnicu Vâlcea	Râmnicu Vâlcea	Y			
RO034C	Suceava	Suceava	Suceava	Y			
RO034F	Suceava	Suceava	Suceava	Y			
RO035C	Drobeta-Turnu Severin	Drobeta-Turnu Severin	Drobeta-Turnu Severin	Y			
RO035F	Drobeta-Turnu Severin	Drobeta-Turnu Severin	Drobeta-Turnu Severin	Y			
RO036C	Vaslui	Vaslui	Vaslui	Y			
RO036F	Vaslui	Vaslui	Vaslui	Y			
RO037C	Deva	Deva	Deva	Y			
RO037F	Deva	Deva	Deva	Y			
RO040C	Vaslui	Vaslui	Vaslui	O			
RO049C	Deva	Deva	Deva	O			
SI	Slovenia	Slovénie	Slowenien	Y			
SI001C	Ljubljana	Ljubljana	Ljubljana	Y			
SI001F	Osrednjeslovenska	Osrednjeslovenska	Osrednjeslovenska	Y			
SI002C	Maribor	Maribor	Maribor	Y			
SI002F	Podravska	Podravska	Podravska	Y			
SK	Slovakia	Slovaquie	Slovakei	Y			
SK001C	Bratislava (greater city)	Bratislava (greater city)	Bratislava (greater city)	Y			
SK001F	Bratislava	Bratislava	Bratislava	Y			
SK002C	Košice (greater city)	Košice (greater city)	Košice (greater city)	Y			
SK002F	Košice	Košice	Košice	Y			
SK003C	Banská Bystrica	Banská Bystrica	Banská Bystrica	Y			
SK003F	Banská Bystrica	Banská Bystrica	Banská Bystrica	Y			
SK004C	Nitra	Nitra	Nitra	Y			
SK004F	Nitra	Nitra	Nitra	Y			
SK005C	Prešov	Prešov	Prešov	Y			
SK005F	Prešov	Prešov	Prešov	Y			
SK006C	Žilina	Žilina	Žilina	Y			
SK006F	Žilina	Žilina	Žilina	Y			
SK007C	Trnava	Trnava	Trnava	Y			
SK007F	Trnava	Trnava	Trnava	Y			
SK008C	Trenčín	Trenčín	Trenčín	Y			
SK008F	Trencín	Trencín	Trencín	Y			
FI	Finland	Finlande	Finnland	Y			
FI001C	Helsinki/Helsingfors	Helsinki/Helsingfors	Helsinki/Helsingfors	Y			
FI001C2	Helsinki / Helsingfors	Helsinki / Helsingfors	Helsinki / Helsingfors	Y			
FI001F	Helsinki/Helsingfors	Helsinki/Helsingfors	Helsinki/Helsingfors	Y			
FI002C	Tampere/Tammerfors	Tampere/Tammerfors	Tampere/Tammerfors	Y			
FI002F	Tampere/Tammerfors	Tampere/Tammerfors	Tampere/Tammerfors	Y			
FI003C	Turku/Åbo	Turku/Åbo	Turku/Åbo	Y			
FI003F	Turku/Åbo	Turku/Åbo	Turku/Åbo	Y			
FI004C	Oulu/Uleåborg	Oulu/Uleåborg	Oulu/Uleåborg	Y			
FI004F	Oulu/Uleåborg	Oulu/Uleåborg	Oulu/Uleåborg	Y			
FI005C	Espoo/Esbo	Espoo/Esbo	Espoo/Esbo	Y			
FI006C	Vantaa/Vanda	Vantaa/Vanda	Vantaa/Vanda	Y			
FI007C	Lahti/Lahtis	Lahti/Lahtis	Lahti/Lahtis	Y			
FI007F	Lahti/Lahtis	Lahti/Lahtis	Lahti/Lahtis	Y			
FI008C	Kuopio	Kuopio	Kuopio	Y			
FI008F	Kuopio	Kuopio	Kuopio	Y			
FI009C	Jyväskylä	Jyväskylä	Jyväskylä	Y			
FI009F	Jyväskylä	Jyväskylä	Jyväskylä	Y			
SE	Sweden	Suède	Schweden	Y			
SE001C	Stockholm (greater city)	Stockholm (greater city)	Stockholm (greater city)	Y			
SE001C1	Stockholm	Stockholm	Stockholm	Y			
SE001F	Stockholm	Stockholm	Stockholm	Y			
SE002C	Göteborg (greater city)	Göteborg (greater city)	Göteborg (greater city)	Y			
SE002F	Göteborg	Göteborg	Göteborg	Y			
SE003C	Malmö	Malmö	Malmö	Y			
SE003F	Malmö	Malmö	Malmö	Y			
SE004C	Jönköping	Jönköping	Jönköping	Y			
SE004F	Jönköping	Jönköping	Jönköping	Y			
SE005C	Umeå	Umeå	Umeå	Y			
SE005F	Umeå	Umeå	Umeå	Y			
SE006C	Uppsala	Uppsala	Uppsala	Y			
SE006F	Uppsala	Uppsala	Uppsala	Y			
SE007C	Linköping	Linköping	Linköping	Y			
SE007F	Linköping	Linköping	Linköping	Y			
SE008C	Örebro	Örebro	Örebro	Y			
SE008F	Örebro	Örebro	Örebro	Y			
SE009C	Södertälje	Södertälje	Södertälje	Y			
SE009F	Södertälje	Södertälje	Södertälje	Y			
SE010C	Västerås	Västerås	Västerås	Y			
SE010F	Västerås	Västerås	Västerås	Y			
SE011C	Norrköping	Norrköping	Norrköping	Y			
SE011F	Norrköping	Norrköping	Norrköping	Y			
SE012C	Helsingborg	Helsingborg	Helsingborg	Y			
SE012F	Helsingborg	Helsingborg	Helsingborg	Y			
SE013C	Lund	Lund	Lund	Y			
SE014C	Borås	Borås	Borås	Y			
SE014F	Borås	Borås	Borås	Y			
SE015C	Växjö	Växjö	Växjö	Y			
SE015F	Växjö	Växjö	Växjö	Y			
IS	Iceland	Islande	Island	Y			
IS001C	Reykjavík	Reykjavík	Reykjavík	Y			
IS001F	Reykjavík	Reykjavík	Reykjavík	Y			
LI001C1	Vaduz	Vaduz	Vaduz	Y			
LI002C1	Schaan	Schaan	Schaan	Y			
NO	Norway	Norvège	Norwegen	Y			
NO001C	Oslo (greater city)	Oslo (greater city)	Oslo (greater city)	Y			
NO001F	Oslo	Oslo	Oslo	Y			
NO002C	Bergen	Bergen	Bergen	Y			
NO002F	Bergen	Bergen	Bergen	Y			
NO003C	Trondheim	Trondheim	Trondheim	Y			
NO003F	Trondheim	Trondheim	Trondheim	Y			
NO004C	Stavanger (greater city)	Stavanger (greater city)	Stavanger (greater city)	Y			
NO004F	Stavanger	Stavanger	Stavanger	Y			
CH	Switzerland	Suisse	Schweiz	Y			
CH001C	Bern (greater city)	Bern (greater city)	Bern (greater city)	Y			
CH001C1	Zürich	Zürich	Zürich	Y			
CH001F	Bern	Bern	Bern	Y			
CH002C	Zurich (greater city)	Zurich (greater city)	Zurich (greater city)	Y			
CH002C1	Genève	Genève	Genève	Y			
CH002F	Zürich	Zürich	Zürich	Y			
CH003C	Geneva (greater city)	Geneva (greater city)	Geneva (greater city)	Y			
CH003F	Genève	Genève	Genève	Y			
CH003T	Geneva crossborder FUA	Genève FUA transfrontalière	Genf grenzüberschreitendes FUA	Y			
CH004C	Basel (greater city)	Basel (greater city)	Basel (greater city)	Y			
CH004F	Basel	Basel	Basel	Y			
CH004T	Basel crossborder FUA	Bâle FUA transfrontalière	Basel grenzüberschreitendes FUA	Y			
CH005C	Lausanne (greater city)	Lausanne (greater city)	Lausanne (greater city)	Y			
CH005F	Lausanne	Lausanne	Lausanne	Y			
CH006C	Lucerne (greater city)	Lucerne (greater city)	Lucerne (greater city)	Y			
CH006F	Luzern	Luzern	Luzern	Y			
CH007C	Winterthur	Winterthur	Winterthur	Y			
CH008C	Lugano (greater city)	Lugano (greater city)	Lugano (greater city)	Y			
CH008F	Lugano	Lugano	Lugano	Y			
CH009C	St. Gallen (greater city)	St. Gallen (greater city)	St. Gallen (greater city)	Y			
CH009F	St. Gallen	St. Gallen	St. Gallen	Y			
CH010C	Biel/Bienne (greater city)	Biel/Bienne (greater city)	Biel/Bienne (greater city)	Y			
CH010F	Biel/Bienne	Biel/Bienne	Biel/Bienne	Y			
CH011C	Thun (greater city)	Thun (greater city)	Thun (greater city)	Y			
CH012C	Zug (greater city)	Zug (greater city)	Zug (greater city)	Y			
CH012F	Zug	Zug	Zug	Y			
CH013C	Fribourg (greater city)	Fribourg (greater city)	Fribourg (greater city)	Y			
CH013F	Fribourg	Fribourg	Fribourg	Y			
CH014C	Montreux – Vevey (greater city)	Montreux – Vevey (greater city)	Montreux – Vevey (greater city)	Y			
CH015C	Aarau (greater city)	Aarau (greater city)	Aarau (greater city)	Y			
CH015F	Aarau	Aarau	Aarau	Y			
UK	United Kingdom	United Kingdom	United Kingdom	Y			
UK001C	London	London	London	Y			
UK001F	London	London	London	Y			
UK002C	Birmingham	Birmingham	Birmingham	Y			
UK002F	West Midlands urban area	West Midlands urban area	West Midlands urban area	Y			
UK003C	Leeds	Leeds	Leeds	Y			
UK003F	Leeds	Leeds	Leeds	Y			
UK004C	Glasgow	Glasgow	Glasgow	Y			
UK004C1	Glasgow City	Glasgow City	Glasgow City	Y			
UK004F	Glasgow	Glasgow	Glasgow	Y			
UK005C	Bradford	Bradford	Bradford	Y			
UK006C	Liverpool	Liverpool	Liverpool	Y			
UK006F	Liverpool	Liverpool	Liverpool	Y			
UK007C	Edinburgh	Edinburgh	Edinburgh	Y			
UK007F	Edinburgh	Edinburgh	Edinburgh	Y			
UK008C	Manchester	Manchester	Manchester	Y			
UK008C1	Manchester	Manchester	Manchester	Y			
UK008F	Manchester	Manchester	Manchester	Y			
UK009C	Cardiff	Cardiff	Cardiff	Y			
UK009F	Cardiff	Cardiff	Cardiff	Y			
UK010C	Sheffield	Sheffield	Sheffield	Y			
UK010F	Sheffield	Sheffield	Sheffield	Y			
UK011C	Bristol	Bristol	Bristol	Y			
UK011F	Bristol	Bristol	Bristol	Y			
UK012C	Belfast	Belfast	Belfast	Y			
UK012C2	Belfast	Belfast	Belfast	Y			
UK012F	Belfast	Belfast	Belfast	Y			
UK013C	Newcastle upon Tyne	Newcastle upon Tyne	Newcastle upon Tyne	Y			
UK013C1	Newcastle upon Tyne	Newcastle upon Tyne	Newcastle upon Tyne	Y			
UK013F	Newcastle upon Tyne	Newcastle upon Tyne	Newcastle upon Tyne	Y			
UK014C	Leicester	Leicester	Leicester	Y			
UK014F	Leicester	Leicester	Leicester	Y			
UK015C	Aberdeen	Aberdeen	Aberdeen	Y			
UK015F	Aberdeen	Aberdeen	Aberdeen	Y			
UK016C	Cambridge	Cambridge	Cambridge	Y			
UK016F	Cambridge	Cambridge	Cambridge	Y			
UK017C	Exeter	Exeter	Exeter	Y			
UK017F	Exeter	Exeter	Exeter	Y			
UK018C	Lincoln	Lincoln	Lincoln	Y			
UK018F	Lincoln	Lincoln	Lincoln	Y			
UK019C	Gravesham	Gravesham	Gravesham	Y			
UK020C	Stevenage	Stevenage	Stevenage	Y			
UK020F	Stevenage	Stevenage	Stevenage	Y			
UK021C	Wrexham	Wrexham	Wrexham	Y			
UK021F	Wrexham	Wrexham	Wrexham	Y			
UK022C	Portsmouth	Portsmouth	Portsmouth	Y			
UK022F	Portsmouth	Portsmouth	Portsmouth	Y			
UK023C	Worcester	Worcester	Worcester	Y			
UK023F	Worcester	Worcester	Worcester	Y			
UK024C	Coventry	Coventry	Coventry	Y			
UK024F	Coventry	Coventry	Coventry	Y			
UK025C	Kingston-upon-Hull	Kingston-upon-Hull	Kingston-upon-Hull	Y			
UK025F	Kingston upon Hull	Kingston upon Hull	Kingston upon Hull	Y			
UK026C	Stoke-on-Trent	Stoke-on-Trent	Stoke-on-Trent	Y			
UK026F	Stoke-on-Trent	Stoke-on-Trent	Stoke-on-Trent	Y			
UK027C	Wolverhampton	Wolverhampton	Wolverhampton	Y			
UK028C	Nottingham	Nottingham	Nottingham	Y			
UK028F	Nottingham	Nottingham	Nottingham	Y			
UK029C	Wirral	Wirral	Wirral	Y			
UK030C	Bath and North East Somerset	Bath and North East Somerset	Bath and North East Somerset	Y			
UK030F	Bath and North East Somerset	Bath and North East Somerset	Bath and North East Somerset	Y			
UK031C	Thurrock	Thurrock	Thurrock	Y			
UK032C	Guildford	Guildford	Guildford	Y			
UK032F	Guildford	Guildford	Guildford	Y			
UK033C	Thanet	Thanet	Thanet	Y			
UK034C	Nuneaton and Bedworth	Nuneaton and Bedworth	Nuneaton and Bedworth	Y			
UK035C	Tunbridge Wells	Tunbridge Wells	Tunbridge Wells	Y			
UK036C	Ashford	Ashford	Ashford	Y			
UK036F	Ashford	Ashford	Ashford	Y			
UK037C	East Staffordshire	East Staffordshire	East Staffordshire	Y			
UK037F	East Staffordshire	East Staffordshire	East Staffordshire	Y			
UK038C	Darlington	Darlington	Darlington	Y			
UK038F	Darlington	Darlington	Darlington	Y			
UK039C	Worthing	Worthing	Worthing	Y			
UK039F	Worthing	Worthing	Worthing	Y			
UK040C	Mansfield	Mansfield	Mansfield	Y			
UK040F	Mansfield	Mansfield	Mansfield	Y			
UK041C	Chesterfield	Chesterfield	Chesterfield	Y			
UK041F	Chesterfield	Chesterfield	Chesterfield	Y			
UK042C	Burnley	Burnley	Burnley	Y			
UK042F	Burnley	Burnley	Burnley	Y			
UK043C	Great Yarmouth	Great Yarmouth	Great Yarmouth	Y			
UK043F	Great Yarmouth	Great Yarmouth	Great Yarmouth	Y			
UK044C	Woking	Woking	Woking	Y			
UK045C	Hartlepool	Hartlepool	Hartlepool	Y			
UK046C	Cannock Chase	Cannock Chase	Cannock Chase	Y			
UK047C	Eastbourne	Eastbourne	Eastbourne	Y			
UK047F	Eastbourne	Eastbourne	Eastbourne	Y			
UK048C	Hastings	Hastings	Hastings	Y			
UK048F	Hastings	Hastings	Hastings	Y			
UK049C	Hyndburn	Hyndburn	Hyndburn	Y			
UK050C	Redditch	Redditch	Redditch	Y			
UK050F	Redditch	Redditch	Redditch	Y			
UK051C	Tamworth	Tamworth	Tamworth	Y			
UK052C	Harlow	Harlow	Harlow	Y			
UK053C	Halton	Halton	Halton	Y			
UK053F	Halton	Halton	Halton	Y			
UK054C	Kirklees	Kirklees	Kirklees	Y			
UK055C	North Lanarkshire (Airdrie/Bellshill/Coatbridge/Motherwell)	North Lanarkshire (Airdrie/Bellshill/Coatbridge/Motherwell)	North Lanarkshire (Airdrie/Bellshill/Coatbridge/Motherwell)	Y			
UK056C	Wakefield	Wakefield	Wakefield	Y			
UK057C	Dudley	Dudley	Dudley	Y			
UK058C	Wigan	Wigan	Wigan	Y			
UK059C	Doncaster	Doncaster	Doncaster	Y			
UK059F	Doncaster	Doncaster	Doncaster	Y			
UK060C	Stockport	Stockport	Stockport	Y			
UK061C	Sefton	Sefton	Sefton	Y			
UK062C	Sandwell	Sandwell	Sandwell	Y			
UK063C	Sunderland	Sunderland	Sunderland	Y			
UK063F	Sunderland	Sunderland	Sunderland	Y			
UK064C	Bolton	Bolton	Bolton	Y			
UK065C	Walsall	Walsall	Walsall	Y			
UK066C	Medway	Medway	Medway	Y			
UK066F	Medway	Medway	Medway	Y			
UK067C	Rotherham	Rotherham	Rotherham	Y			
UK068C	Brighton and Hove	Brighton and Hove	Brighton and Hove	Y			
UK068F	Brighton and Hove	Brighton and Hove	Brighton and Hove	Y			
UK069C	Plymouth	Plymouth	Plymouth	Y			
UK069F	Plymouth	Plymouth	Plymouth	Y			
UK070C	Swansea	Swansea	Swansea	Y			
UK070F	Swansea	Swansea	Swansea	Y			
UK071C	Derby	Derby	Derby	Y			
UK071F	Derby	Derby	Derby	Y			
UK072C	Barnsley	Barnsley	Barnsley	Y			
UK073C	Southampton	Southampton	Southampton	Y			
UK073F	Southampton	Southampton	Southampton	Y			
UK074C	Oldham	Oldham	Oldham	Y			
UK075C	Salford	Salford	Salford	Y			
UK076C	Tameside	Tameside	Tameside	Y			
UK077C	Trafford	Trafford	Trafford	Y			
UK078C	Milton Keynes	Milton Keynes	Milton Keynes	Y			
UK078F	Milton Keynes	Milton Keynes	Milton Keynes	Y			
UK079C	Rochdale	Rochdale	Rochdale	Y			
UK080C	Solihull	Solihull	Solihull	Y			
UK081C	Northampton	Northampton	Northampton	Y			
UK081F	Northampton	Northampton	Northampton	Y			
UK082C	North Tyneside	North Tyneside	North Tyneside	Y			
UK083C	Gateshead	Gateshead	Gateshead	Y			
UK084C	Warrington	Warrington	Warrington	Y			
UK084F	Warrington	Warrington	Warrington	Y			
UK085C	Luton	Luton	Luton	Y			
UK085F	Luton	Luton	Luton	Y			
UK086C	York	York	York	Y			
UK086F	York	York	York	Y			
UK087C	Bury	Bury	Bury	Y			
UK088C	Swindon	Swindon	Swindon	Y			
UK088F	Swindon	Swindon	Swindon	Y			
UK089C	Stockton-on-Tees	Stockton-on-Tees	Stockton-on-Tees	Y			
UK090C	St. Helens	St. Helens	St. Helens	Y			
UK091C	Basildon	Basildon	Basildon	Y			
UK092C	Bournemouth	Bournemouth	Bournemouth	Y			
UK092F	Bournemouth	Bournemouth	Bournemouth	Y			
UK093C	Southend-on-Sea	Southend-on-Sea	Southend-on-Sea	Y			
UK094C	Telford and Wrekin	Telford and Wrekin	Telford and Wrekin	Y			
UK094F	Telford and Wrekin	Telford and Wrekin	Telford and Wrekin	Y			
UK095C	North East Lincolnshire	North East Lincolnshire	North East Lincolnshire	Y			
UK095F	North East Lincolnshire	North East Lincolnshire	North East Lincolnshire	Y			
UK096C	Chelmsford	Chelmsford	Chelmsford	Y			
UK097C	Peterborough	Peterborough	Peterborough	Y			
UK097F	Peterborough	Peterborough	Peterborough	Y			
UK098C	Colchester	Colchester	Colchester	Y			
UK098F	Colchester	Colchester	Colchester	Y			
UK099C	South Tyneside	South Tyneside	South Tyneside	Y			
UK100C	Basingstoke and Deane	Basingstoke and Deane	Basingstoke and Deane	Y			
UK100F	Basingstoke and Deane	Basingstoke and Deane	Basingstoke and Deane	Y			
UK101C	Bedford	Bedford	Bedford	Y			
UK101F	Bedford	Bedford	Bedford	Y			
UK102C	Dundee City	Dundee City	Dundee City	Y			
UK102F	Dundee City	Dundee City	Dundee City	Y			
UK103C	Falkirk	Falkirk	Falkirk	Y			
UK103F	Falkirk	Falkirk	Falkirk	Y			
UK104C	Reading	Reading	Reading	Y			
UK104F	Reading	Reading	Reading	Y			
UK105C	Blackpool	Blackpool	Blackpool	Y			
UK105F	Blackpool	Blackpool	Blackpool	Y			
UK106C	Maidstone	Maidstone	Maidstone	Y			
UK106F	Maidstone	Maidstone	Maidstone	Y			
UK107C	Dacorum	Dacorum	Dacorum	Y			
UK107F	Dacorum	Dacorum	Dacorum	Y			
UK108C	Blackburn with Darwen	Blackburn with Darwen	Blackburn with Darwen	Y			
UK108F	Blackburn with Darwen	Blackburn with Darwen	Blackburn with Darwen	Y			
UK109C	Newport	Newport	Newport	Y			
UK109F	Newport	Newport	Newport	Y			
UK110C	Middlesbrough	Middlesbrough	Middlesbrough	Y			
UK110F	Middlesbrough	Middlesbrough	Middlesbrough	Y			
UK111C	Oxford	Oxford	Oxford	Y			
UK111F	Oxford	Oxford	Oxford	Y			
UK112C	Torbay	Torbay	Torbay	Y			
UK112F	Torbay	Torbay	Torbay	Y			
UK113C	Preston	Preston	Preston	Y			
UK113F	Preston	Preston	Preston	Y			
UK114C	St Albans	St Albans	St Albans	Y			
UK115C	Warwick	Warwick	Warwick	Y			
UK116C	Newcastle-under-Lyme	Newcastle-under-Lyme	Newcastle-under-Lyme	Y			
UK117C	Norwich	Norwich	Norwich	Y			
UK117F	Norwich	Norwich	Norwich	Y			
UK118C	Slough	Slough	Slough	Y			
UK118F	Slough	Slough	Slough	Y			
UK119C	Cheshire West and Chester	Cheshire West and Chester	Cheshire West and Chester	Y			
UK119F	Cheshire West and Chester	Cheshire West and Chester	Cheshire West and Chester	Y			
UK120C	Ipswich	Ipswich	Ipswich	Y			
UK120F	Ipswich	Ipswich	Ipswich	Y			
UK121C	Cheltenham	Cheltenham	Cheltenham	Y			
UK121F	Cheltenham	Cheltenham	Cheltenham	Y			
UK122C	Gloucester	Gloucester	Gloucester	Y			
UK122F	Gloucester	Gloucester	Gloucester	Y			
UK123C	Bracknell Forest	Bracknell Forest	Bracknell Forest	Y			
UK123F	Bracknell Forest	Bracknell Forest	Bracknell Forest	Y			
UK124C	Carlisle	Carlisle	Carlisle	Y			
UK124F	Carlisle	Carlisle	Carlisle	Y			
UK125C	Crawley	Crawley	Crawley	Y			
UK125F	Crawley	Crawley	Crawley	Y			
UK126C	Watford	Watford	Watford	Y			
UK127C	Gosport	Gosport	Gosport	Y			
UK128C	Eastleigh	Eastleigh	Eastleigh	Y			
UK129C	Rushmoor	Rushmoor	Rushmoor	Y			
UK129F	Rushmoor	Rushmoor	Rushmoor	Y			
UK130C	Rugby	Rugby	Rugby	Y			
UK131C	Corby	Corby	Corby	Y			
UK131F	Corby	Corby	Corby	Y			
UK132C	Kettering	Kettering	Kettering	Y			
UK132F	Kettering	Kettering	Kettering	Y			
UK133C	Inverclyde (Greenock)	Inverclyde (Greenock)	Inverclyde (Greenock)	Y			
UK134C	Renfrewshire (Paisley)	Renfrewshire (Paisley)	Renfrewshire (Paisley)	Y			
UK135C	Derry & Strabane Local Government District	Derry & Strabane Local Government District	Derry & Strabane Local Government District	Y			
UK135F	Derry & Strabane Local Government District	Derry & Strabane Local Government District	Derry & Strabane Local Government District	Y			
BA001C1	Sarajevo	Sarajevo	Sarajevo	Y			
ME001C	Podgorika	Podgorika	Podgorika	Y			
MK001C	Skopje	Skopje	Skopje	Y			
AL001C	Tirana	Tirana	Tirana	Y			
RS001C	Belgrade	Belgrade	Belgrade	Y			
TR	Türkiye	Turquie	Türkei	Y			
TR001C	Ankara	Ankara	Ankara	Y			
TR001F	Ankara	Ankara	Ankara	Y			
TR002C	Adana	Adana	Adana	Y			
TR002F	Adana	Adana	Adana	Y			
TR003C	Antalya	Antalya	Antalya	Y			
TR003F	Antalya	Antalya	Antalya	Y			
TR004C	Balikesir	Balikesir	Balikesir	Y			
TR004F	Balikesir	Balikesir	Balikesir	Y			
TR005C	Bursa	Bursa	Bursa	Y			
TR005F	Bursa	Bursa	Bursa	Y			
TR006C	Denizli	Denizli	Denizli	Y			
TR006F	Denizli	Denizli	Denizli	Y			
TR007C	Diyarbakir	Diyarbakir	Diyarbakir	Y			
TR007F	Diyarbakir	Diyarbakir	Diyarbakir	Y			
TR008C	Edirne	Edirne	Edirne	Y			
TR008F	Edirne	Edirne	Edirne	Y			
TR009C	Erzurum	Erzurum	Erzurum	Y			
TR009F	Erzurum	Erzurum	Erzurum	Y			
TR010C	Gaziantep	Gaziantep	Gaziantep	Y			
TR010F	Gaziantep	Gaziantep	Gaziantep	Y			
TR011C	Hatay	Hatay	Hatay	Y			
TR011F	Hatay	Hatay	Hatay	Y			
TR012C	Istanbul	Istanbul	Istanbul	Y			
TR012F	Istanbul	Istanbul	Istanbul	Y			
TR013C	Izmir	Izmir	Izmir	Y			
TR013F	Izmir	Izmir	Izmir	Y			
TR014C	Kars	Kars	Kars	Y			
TR014F	Kars	Kars	Kars	Y			
TR015C	Kastamonu	Kastamonu	Kastamonu	Y			
TR015F	Kastamonu	Kastamonu	Kastamonu	Y			
TR016C	Kayseri	Kayseri	Kayseri	Y			
TR016F	Kayseri	Kayseri	Kayseri	Y			
TR017C	Kocaeli	Kocaeli	Kocaeli	Y			
TR017F	Kocaeli	Kocaeli	Kocaeli	Y			
TR018C	Konya	Konya	Konya	Y			
TR018F	Konya	Konya	Konya	Y			
TR019C	Malatya	Malatya	Malatya	Y			
TR019F	Malatya	Malatya	Malatya	Y			
TR020C	Manisa	Manisa	Manisa	Y			
TR020F	Manisa	Manisa	Manisa	Y			
TR021C	Nevsehir	Nevsehir	Nevsehir	Y			
TR021F	Nevsehir	Nevsehir	Nevsehir	Y			
TR022C	Samsun	Samsun	Samsun	Y			
TR022F	Samsun	Samsun	Samsun	Y			
TR023C	Siirt	Siirt	Siirt	Y			
TR023F	Siirt	Siirt	Siirt	Y			
TR024C	Trabzon	Trabzon	Trabzon	Y			
TR024F	Trabzon	Trabzon	Trabzon	Y			
TR025C	Van	Van	Van	Y			
TR025F	Van	Van	Van	Y			
TR026C	Zonguldak	Zonguldak	Zonguldak	Y			
TR026F	Zonguldak	Zonguldak	Zonguldak	Y			
XK001C	Prishtinë/Priština	Prishtinë/Priština	Prishtinë/Priština	Y			
